frameIdx,tsStart,layoutEvents,paintEvents,rasterEvents,rasterMs,styleEvents
0,9291726100,0,0,0,0.000,0
1,9291726100,0,0,0,0.000,0
2,9291726424,9,7,1,0.002,6
3,9291729932,0,0,0,0.000,0
4,9291729932,0,0,0,0.000,0
5,9291730639,15,6,0,0.000,5
6,9291750071,0,0,0,0.000,0
7,9291750071,0,0,0,0.000,0
8,9291750101,33,13,235,97.940,12
9,9291770136,0,0,0,0.000,0
10,9291770136,0,0,0,0.000,0
11,9291770173,26,13,593,367.984,9
12,9291875324,0,0,0,0.000,0
13,9291875324,0,0,0,0.000,0
14,9291875350,26,13,335,217.768,9
15,9291916201,0,0,0,0.000,0
16,9291916201,0,0,0,0.000,0
17,9291916242,26,13,333,203.724,9
18,9291956512,0,0,0,0.000,0
19,9291956512,0,0,0,0.000,0
20,9291956541,27,13,333,163.242,9
21,9291996977,0,0,0,0.000,0
22,9291996977,0,0,0,0.000,0
23,9291997021,26,13,334,205.938,9
24,9292038193,0,0,0,0.000,0
25,9292038193,0,0,0,0.000,0
26,9292038212,26,13,334,197.277,9
27,9292078627,0,0,0,0.000,0
28,9292078627,0,0,0,0.000,0
29,9292078663,26,13,334,166.828,9
30,9292119103,0,0,0,0.000,0
31,9292119103,0,0,1,0.012,0
32,9292120036,26,13,333,167.888,9
33,9292159294,0,0,0,0.000,0
34,9292159294,0,0,0,0.000,0
35,9292159333,26,13,334,165.406,9
36,9292199791,0,0,0,0.000,0
37,9292199791,0,0,0,0.000,0
38,9292199867,26,13,334,156.182,9
39,9292240181,0,0,0,0.000,0
40,9292240181,0,0,0,0.000,0
41,9292240221,26,13,334,172.289,9
42,9292281283,0,0,0,0.000,0
43,9292281283,0,0,0,0.000,0
44,9292281349,26,13,334,138.778,9
45,9292305511,0,0,0,0.000,0
46,9292305511,0,0,1,0.007,0
47,9292305720,26,13,333,185.713,9
48,9292335633,0,0,0,0.000,0
49,9292335633,0,0,0,0.000,0
50,9292335701,26,13,333,250.551,9
51,9292373698,0,0,0,0.000,0
52,9292373698,0,0,0,0.000,0
53,9292373734,26,13,334,183.328,9
54,9292405890,0,0,0,0.000,0
55,9292405890,0,0,0,0.000,0
56,9292405916,26,13,334,130.103,9
57,9292433813,0,0,0,0.000,0
58,9292433813,0,0,0,0.000,0
59,9292433857,26,13,334,161.166,9
60,9292473330,0,0,0,0.000,0
61,9292473330,0,0,0,0.000,0
62,9292473373,26,13,334,180.173,9
63,9292514108,0,0,0,0.000,0
64,9292514108,0,0,0,0.000,0
65,9292514166,26,13,334,178.666,9
66,9292555481,0,0,0,0.000,0
67,9292555481,0,0,0,0.000,0
68,9292555516,26,13,326,175.139,9
69,9292592774,0,0,0,0.000,0
70,9292592774,0,0,0,0.000,0
71,9292592846,26,13,334,166.344,9
72,9292635967,0,0,0,0.000,0
73,9292635967,0,0,0,0.000,0
74,9292636022,26,13,334,143.241,9
75,9292671444,0,0,0,0.000,0
76,9292671444,0,0,0,0.000,0
77,9292671504,26,13,334,179.319,9
78,9292712456,0,0,0,0.000,0
79,9292712456,0,0,0,0.000,0
80,9292712523,26,13,334,181.644,9
81,9292755074,0,0,0,0.000,0
82,9292755074,0,0,0,0.000,0
83,9292755135,27,13,334,176.695,9
84,9292792804,0,0,0,0.000,0
85,9292792804,0,0,0,0.000,0
86,9292792851,26,13,334,176.033,9
87,9292831737,0,0,0,0.000,0
88,9292831737,0,0,0,0.000,0
89,9292831918,26,13,334,178.081,9
90,9292871236,0,0,0,0.000,0
91,9292871236,0,0,0,0.000,0
92,9292871385,26,13,334,167.401,9
93,9292912377,0,0,0,0.000,0
94,9292912377,0,0,0,0.000,0
95,9292912468,26,13,334,180.290,9
96,9292951519,0,0,0,0.000,0
97,9292951519,0,0,1,0.012,0
98,9292952935,27,13,333,176.020,9
99,9292994189,0,0,0,0.000,0
100,9292994189,0,0,1,0.006,0
101,9292995080,26,13,333,174.388,9
102,9293035130,0,0,0,0.000,0
103,9293035130,0,0,0,0.000,0
104,9293035198,26,13,334,166.990,9
105,9293074280,0,0,0,0.000,0
106,9293074280,0,0,1,0.007,0
107,9293075242,26,13,333,192.415,9
108,9293114379,0,0,0,0.000,0
109,9293114379,0,0,0,0.000,0
110,9293114419,26,13,334,162.392,9
111,9293156580,0,0,0,0.000,0
112,9293156580,0,0,1,0.006,0
113,9293156830,26,13,333,181.595,9
114,9293193392,0,0,0,0.000,0
115,9293193392,0,0,0,0.000,0
116,9293193442,26,13,334,181.172,9
117,9293234260,0,0,0,0.000,0
118,9293234260,0,0,1,0.007,0
119,9293235094,26,13,333,177.284,9
120,9293273181,0,0,0,0.000,0
121,9293273181,0,0,1,0.007,0
122,9293274053,26,13,333,157.103,9
123,9293312121,0,0,0,0.000,0
124,9293312121,0,0,1,0.017,0
125,9293316052,26,13,325,175.156,9
126,9293358219,0,0,0,0.000,0
127,9293358219,0,0,0,0.000,0
128,9293358258,26,13,334,168.764,9
129,9293395203,0,0,0,0.000,0
130,9293395203,0,0,0,0.000,0
131,9293395244,26,13,334,170.163,9
132,9293435145,0,0,0,0.000,0
133,9293435145,0,0,0,0.000,0
134,9293435181,26,13,334,182.512,9
135,9293474058,0,0,0,0.000,0
136,9293474058,0,0,0,0.000,0
137,9293474105,26,13,334,192.093,9
138,9293516748,0,0,0,0.000,0
139,9293516748,0,0,1,0.006,0
140,9293517687,26,13,333,166.612,9
141,9293556208,0,0,0,0.000,0
142,9293556208,0,0,0,0.000,0
143,9293556263,26,13,334,168.399,9
144,9293594373,0,0,0,0.000,0
145,9293594373,0,0,0,0.000,0
146,9293594416,26,13,334,250.925,9
147,9293633920,0,0,0,0.000,0
148,9293633920,0,0,1,0.007,0
149,9293635033,26,13,333,191.501,9
150,9293675504,0,0,0,0.000,0
151,9293675504,0,0,0,0.000,0
152,9293675542,26,13,334,163.723,9
153,9293721226,0,0,0,0.000,0
154,9293721226,0,0,1,0.013,0
155,9293722394,26,13,333,174.657,9
156,9293754502,0,0,0,0.000,0
157,9293754502,0,0,0,0.000,0
158,9293754553,27,13,334,214.392,9
159,9293791548,0,0,0,0.000,0
160,9293791548,0,0,0,0.000,0
161,9293791628,26,13,334,242.312,9
162,9293833415,0,0,0,0.000,0
163,9293833415,0,0,0,0.000,0
164,9293833454,26,13,334,201.356,9
165,9293872010,0,0,0,0.000,0
166,9293872010,0,0,0,0.000,0
167,9293872056,26,13,334,250.693,9
168,9293911493,0,0,0,0.000,0
169,9293911493,0,0,0,0.000,0
170,9293911556,26,13,334,246.072,9
171,9293951332,0,0,0,0.000,0
172,9293951332,0,0,1,0.008,0
173,9293952071,27,13,333,209.053,9
174,9293991686,0,0,0,0.000,0
175,9293991686,0,0,0,0.000,0
176,9293991726,26,13,334,251.299,9
177,9294031226,0,0,0,0.000,0
178,9294031226,0,0,0,0.000,0
179,9294031264,26,13,334,240.096,9
180,9294071475,0,0,0,0.000,0
181,9294071475,0,0,0,0.000,0
182,9294071534,26,13,334,207.535,9
183,9294111628,0,0,0,0.000,0
184,9294111628,0,0,0,0.000,0
185,9294111675,26,13,334,241.327,9
186,9294151504,0,0,0,0.000,0
187,9294151504,0,0,0,0.000,0
188,9294151555,26,13,334,247.938,9
189,9294191523,0,0,0,0.000,0
190,9294191523,0,0,0,0.000,0
191,9294191560,26,13,334,233.676,9
192,9294231356,0,0,0,0.000,0
193,9294231356,0,0,0,0.000,0
194,9294231386,26,13,334,213.844,9
195,9294271382,0,0,0,0.000,0
196,9294271382,0,0,0,0.000,0
197,9294271418,26,13,334,198.570,9
198,9294311452,0,0,0,0.000,0
199,9294311452,0,0,0,0.000,0
200,9294311524,26,13,326,221.896,9
201,9294351393,0,0,0,0.000,0
202,9294351393,0,0,0,0.000,0
203,9294351514,26,13,334,278.943,9
204,9294391350,0,0,0,0.000,0
205,9294391350,0,0,0,0.000,0
206,9294391384,26,13,333,248.524,9
207,9294431418,0,0,0,0.000,0
208,9294431418,0,0,0,0.000,0
209,9294431495,26,13,334,220.270,9
210,9294471367,0,0,0,0.000,0
211,9294471367,0,0,0,0.000,0
212,9294471432,26,13,334,215.881,9
213,9294511396,0,0,0,0.000,0
214,9294511396,0,0,0,0.000,0
215,9294511482,26,13,334,223.182,9
216,9294552055,0,0,0,0.000,0
217,9294552055,0,0,0,0.000,0
218,9294552143,26,13,334,212.857,9
219,9294592525,0,0,0,0.000,0
220,9294592525,0,0,0,0.000,0
221,9294592604,26,13,334,214.852,9
222,9294633321,0,0,0,0.000,0
223,9294633321,0,0,0,0.000,0
224,9294633405,26,13,334,190.132,9
225,9294671213,0,0,0,0.000,0
226,9294671213,0,0,0,0.000,0
227,9294671278,26,13,333,210.042,9
228,9294711357,0,0,0,0.000,0
229,9294711357,0,0,0,0.000,0
230,9294711423,26,13,333,224.701,9
231,9294751419,0,0,0,0.000,0
232,9294751419,0,0,0,0.000,0
233,9294751489,27,13,334,188.746,9
234,9294791380,0,0,0,0.000,0
235,9294791380,0,0,0,0.000,0
236,9294791451,26,13,334,158.052,9
237,9294831452,0,0,0,0.000,0
238,9294831452,0,0,0,0.000,0
239,9294831527,26,13,333,152.856,9
240,9294871507,0,0,0,0.000,0
241,9294871507,0,0,0,0.000,0
242,9294871584,26,13,334,257.714,9
243,9294912361,0,0,0,0.000,0
244,9294912361,0,0,0,0.000,0
245,9294912424,26,13,333,220.639,9
246,9294953589,0,0,0,0.000,0
247,9294953589,0,0,0,0.000,0
248,9294953652,27,13,334,246.128,9
249,9294993940,0,0,0,0.000,0
250,9294993940,0,0,0,0.000,0
251,9294994021,26,13,333,234.905,9
252,9295034168,0,0,0,0.000,0
253,9295034168,0,0,0,0.000,0
254,9295034245,26,13,334,212.834,9
255,9295073716,0,0,0,0.000,0
256,9295073716,0,0,0,0.000,0
257,9295073793,26,13,334,170.497,9
258,9295114373,0,0,0,0.000,0
259,9295114373,0,0,0,0.000,0
260,9295114450,26,13,334,211.935,9
261,9295154771,0,0,0,0.000,0
262,9295154771,0,0,0,0.000,0
263,9295154852,26,13,334,176.357,9
264,9295193398,0,0,0,0.000,0
265,9295193398,0,0,1,0.006,0
266,9295194139,26,13,333,176.081,9
267,9295234511,0,0,0,0.000,0
268,9295234511,0,0,0,0.000,0
269,9295234605,26,13,334,162.908,9
270,9295274475,0,0,0,0.000,0
271,9295274475,0,0,0,0.000,0
272,9295274552,26,13,334,145.542,9
273,9295313740,0,0,0,0.000,0
274,9295313740,0,0,0,0.000,0
275,9295313852,26,13,326,167.984,9
276,9295353296,0,0,0,0.000,0
277,9295353296,0,0,0,0.000,0
278,9295353415,26,13,334,169.244,9
279,9295393037,0,0,0,0.000,0
280,9295393037,0,0,0,0.000,0
281,9295393192,26,13,333,158.746,9
282,9295433125,0,0,0,0.000,0
283,9295433125,0,0,0,0.000,0
284,9295433312,26,13,334,155.927,9
285,9295473656,0,0,0,0.000,0
286,9295473656,0,0,0,0.000,0
287,9295473800,26,13,334,166.211,9
288,9295513261,0,0,0,0.000,0
289,9295513261,0,0,0,0.000,0
290,9295513343,26,13,334,166.544,9
291,9295553341,0,0,0,0.000,0
292,9295553341,0,0,0,0.000,0
293,9295553500,26,13,334,181.758,9
294,9295593044,0,0,0,0.000,0
295,9295593044,0,0,0,0.000,0
296,9295593129,26,13,334,195.322,9
297,9295633486,0,0,0,0.000,0
298,9295633486,0,0,0,0.000,0
299,9295633598,26,13,333,240.661,9
300,9295673748,0,0,0,0.000,0
301,9295673748,0,0,0,0.000,0
302,9295673862,26,13,334,170.106,9
303,9295713485,0,0,0,0.000,0
304,9295713485,0,0,0,0.000,0
305,9295713592,26,13,334,193.378,9
306,9295753485,0,0,0,0.000,0
307,9295753485,0,0,0,0.000,0
308,9295753575,27,13,335,190.727,9
309,9295793658,0,0,0,0.000,0
310,9295793658,0,0,0,0.000,0
311,9295793768,11,11,334,157.137,4
312,9295875186,0,0,0,0.000,0
313,9295875186,0,0,0,0.000,0
314,9295875340,26,13,335,151.506,9
315,9295913386,0,0,0,0.000,0
316,9295913386,0,0,0,0.000,0
317,9295913465,11,11,334,147.484,4
318,9295954375,0,0,0,0.000,0
319,9295954375,0,0,0,0.000,0
320,9295954468,12,11,334,207.834,4
321,9295978969,0,0,0,0.000,0
322,9295978969,0,0,0,0.000,0
323,9295979028,11,11,334,199.980,4
324,9296017321,0,0,0,0.000,0
325,9296017321,0,0,0,0.000,0
326,9296017377,11,11,334,200.338,4
327,9296057499,0,0,0,0.000,0
328,9296057499,0,0,0,0.000,0
329,9296057525,11,11,334,226.409,4
330,9296097619,0,0,0,0.000,0
331,9296097619,0,0,0,0.000,0
332,9296097650,11,11,334,191.405,4
333,9296138064,0,0,0,0.000,0
334,9296138064,0,0,0,0.000,0
335,9296138110,11,11,334,198.444,4
336,9296178546,0,0,0,0.000,0
337,9296178546,0,0,0,0.000,0
338,9296178648,11,11,334,200.707,4
339,9296218784,0,0,0,0.000,0
340,9296218784,0,0,0,0.000,0
341,9296218853,11,11,334,195.107,4
342,9296259186,0,0,0,0.000,0
343,9296259186,0,0,0,0.000,0
344,9296259244,11,11,334,219.801,4
345,9296299370,0,0,0,0.000,0
346,9296299370,0,0,0,0.000,0
347,9296299456,11,11,334,243.872,4
348,9296340099,0,0,0,0.000,0
349,9296340099,0,0,0,0.000,0
350,9296340155,26,13,325,228.400,110
351,9296380261,0,0,0,0.000,0
352,9296380261,0,0,0,0.000,0
353,9296380282,26,13,334,218.799,9
354,9296423415,0,0,0,0.000,0
355,9296423415,0,0,0,0.000,0
356,9296423463,26,13,334,204.348,9
357,9296467008,0,0,0,0.000,0
358,9296467008,0,0,0,0.000,0
359,9296467168,26,13,334,149.261,9
360,9296506244,0,0,0,0.000,0
361,9296506244,0,0,0,0.000,0
362,9296506285,26,13,334,263.276,9
363,9296545403,0,0,0,0.000,0
364,9296545403,0,0,0,0.000,0
365,9296545439,26,13,334,218.144,9
366,9296587531,0,0,0,0.000,0
367,9296587531,0,0,0,0.000,0
368,9296587569,26,13,334,174.100,9
369,9296627111,0,0,0,0.000,0
370,9296627111,0,0,1,0.006,0
371,9296627995,26,13,333,180.746,9
372,9296667680,0,0,0,0.000,0
373,9296667680,0,0,0,0.000,0
374,9296667725,26,13,334,150.610,9
375,9296708248,0,0,0,0.000,0
376,9296708248,0,0,1,0.009,0
377,9296710095,26,13,333,179.123,9
378,9296748752,0,0,0,0.000,0
379,9296748752,0,0,1,0.014,0
380,9296751101,27,13,333,144.188,9
381,9296791039,0,0,0,0.000,0
382,9296791039,0,0,0,0.000,0
383,9296791131,26,13,334,130.603,9
384,9296831367,0,0,0,0.000,0
385,9296831367,0,0,0,0.000,0
386,9296831475,26,13,326,161.330,9
387,9296873939,0,0,0,0.000,0
388,9296873939,0,0,0,0.000,0
389,9296873983,26,13,334,182.791,9
390,9296914226,0,0,0,0.000,0
391,9296914226,0,0,0,0.000,0
392,9296914263,26,13,334,157.688,9
393,9296956738,0,0,0,0.000,0
394,9296956738,0,0,1,0.009,0
395,9296956929,27,13,333,170.728,9
396,9296997497,0,0,0,0.000,0
397,9296997497,0,0,0,0.000,0
398,9296997554,26,13,334,151.277,9
399,9297037852,0,0,0,0.000,0
400,9297037852,0,0,0,0.000,0
401,9297037946,26,13,334,168.382,9
402,9297079245,0,0,0,0.000,0
403,9297079245,0,0,0,0.000,0
404,9297079368,26,13,334,170.167,9
405,9297120980,0,0,0,0.000,0
406,9297120980,0,0,0,0.000,0
407,9297121087,26,13,334,153.089,9
408,9297161712,0,0,0,0.000,0
409,9297161712,0,0,0,0.000,0
410,9297161826,26,13,334,147.047,9
411,9297202177,0,0,0,0.000,0
412,9297202177,0,0,0,0.000,0
413,9297202299,26,13,334,135.011,9
414,9297223875,0,0,0,0.000,0
415,9297223875,0,0,0,0.000,0
416,9297223937,26,13,334,272.933,9
417,9297258026,0,0,0,0.000,0
418,9297258026,0,0,0,0.000,0
419,9297258051,26,13,334,188.507,9
420,9297285300,0,0,0,0.000,0
421,9297285300,0,0,0,0.000,0
422,9297285377,26,13,334,139.688,9
423,9297315153,0,0,0,0.000,0
424,9297315153,0,0,0,0.000,0
425,9297315227,26,13,326,183.847,9
426,9297351450,0,0,0,0.000,0
427,9297351450,0,0,1,0.009,0
428,9297351867,26,13,333,177.592,9
429,9297397219,0,0,0,0.000,0
430,9297397219,0,0,1,0.007,0
431,9297398262,26,13,333,182.702,9
432,9297433577,0,0,0,0.000,0
433,9297433577,0,0,0,0.000,0
434,9297433677,26,13,334,184.990,9
435,9297474116,0,0,0,0.000,0
436,9297474116,0,0,0,0.000,0
437,9297474179,26,13,334,171.006,9
438,9297513627,0,0,0,0.000,0
439,9297513627,0,0,1,0.009,0
440,9297513974,26,13,333,196.262,9
441,9297553446,0,0,0,0.000,0
442,9297553446,0,0,0,0.000,0
443,9297553518,26,13,334,207.822,9
444,9297593092,0,0,0,0.000,0
445,9297593092,0,0,0,0.000,0
446,9297593144,26,13,334,238.264,9
447,9297632612,0,0,0,0.000,0
448,9297632612,0,0,0,0.000,0
449,9297632649,26,13,334,255.978,9
450,9297672319,0,0,0,0.000,0
451,9297672319,0,0,0,0.000,0
452,9297672366,26,13,334,196.491,9
453,9297712262,0,0,0,0.000,0
454,9297712262,0,0,0,0.000,0
455,9297712300,26,13,334,269.591,9
456,9297752276,0,0,0,0.000,0
457,9297752276,0,0,0,0.000,0
458,9297752319,27,13,334,268.061,9
459,9297792157,0,0,0,0.000,0
460,9297792157,0,0,0,0.000,0
461,9297792227,26,13,334,211.419,9
462,9297831461,0,0,0,0.000,0
463,9297831461,0,0,0,0.000,0
464,9297831520,26,13,334,221.827,9
465,9297871432,0,0,0,0.000,0
466,9297871432,0,0,0,0.000,0
467,9297871467,26,13,334,219.197,9
468,9297911394,0,0,0,0.000,0
469,9297911394,0,0,0,0.000,0
470,9297911418,26,13,333,193.823,9
471,9297951193,0,0,0,0.000,0
472,9297951193,0,0,0,0.000,0
473,9297951237,27,13,334,207.200,9
474,9297973639,0,0,0,0.000,0
475,9297973639,0,0,0,0.000,0
476,9297973735,26,13,334,139.551,9
477,9298014346,0,0,0,0.000,0
478,9298014346,0,0,0,0.000,0
479,9298014460,26,13,334,254.244,9
480,9298057610,0,0,0,0.000,0
481,9298057610,0,0,0,0.000,0
482,9298057627,26,13,334,232.663,9
483,9298098631,0,0,0,0.000,0
484,9298098631,0,0,1,0.009,0
485,9298099692,26,13,333,215.439,9
486,9298138820,0,0,0,0.000,0
487,9298138820,0,0,0,0.000,0
488,9298138875,26,13,334,200.103,9
489,9298179406,0,0,0,0.000,0
490,9298179406,0,0,0,0.000,0
491,9298179446,26,13,334,175.092,9
492,9298219836,0,0,0,0.000,0
493,9298219836,0,0,0,0.000,0
494,9298219872,26,13,334,222.764,9
495,9298259981,0,0,0,0.000,0
496,9298259981,0,0,0,0.000,0
497,9298260029,26,13,334,238.532,9
498,9298300357,0,0,0,0.000,0
499,9298300357,0,0,0,0.000,0
500,9298300412,26,13,334,217.880,9
501,9298340629,0,0,0,0.000,0
502,9298340629,0,0,0,0.000,0
503,9298340679,26,13,334,237.814,9
504,9298384157,0,0,0,0.000,0
505,9298384157,0,0,1,0.006,0
506,9298385107,26,13,333,167.641,9
507,9298422116,0,0,0,0.000,0
508,9298422116,0,0,0,0.000,0
509,9298422153,26,13,334,171.147,9
510,9298465630,0,0,0,0.000,0
511,9298465630,0,0,0,0.000,0
512,9298465664,26,13,333,158.143,9
513,9298505976,0,0,0,0.000,0
514,9298505976,0,0,0,0.000,0
515,9298506062,26,13,334,165.733,9
516,9298546305,0,0,0,0.000,0
517,9298546305,0,0,0,0.000,0
518,9298546386,26,13,333,187.230,9
519,9298586617,0,0,0,0.000,0
520,9298586617,0,0,0,0.000,0
521,9298586688,26,13,334,239.038,9
522,9298628198,0,0,0,0.000,0
523,9298628198,0,0,0,0.000,0
524,9298628257,26,13,334,186.686,9
525,9298670293,0,0,0,0.000,0
526,9298670293,0,0,1,0.015,0
527,9298671098,26,13,333,195.855,9
528,9298710679,0,0,0,0.000,0
529,9298710679,0,0,0,0.000,0
530,9298710850,26,13,334,202.946,9
531,9298751025,0,0,0,0.000,0
532,9298751025,0,0,0,0.000,0
533,9298751093,27,13,334,241.853,9
534,9298791302,0,0,0,0.000,0
535,9298791302,0,0,0,0.000,0
536,9298791476,26,13,334,185.421,9
537,9298831944,0,0,0,0.000,0
538,9298831944,0,0,0,0.000,0
539,9298832142,26,13,326,249.397,9
540,9298872084,0,0,0,0.000,0
541,9298872084,0,0,0,0.000,0
542,9298872156,26,13,333,191.608,9
543,9298912645,0,0,0,0.000,0
544,9298912645,0,0,0,0.000,0
545,9298912723,26,13,334,204.127,9
546,9298952947,0,0,0,0.000,0
547,9298952947,0,0,0,0.000,0
548,9298953037,27,13,334,255.028,75
549,9298993344,0,0,0,0.000,0
550,9298993344,0,0,1,0.005,0
551,9298998991,26,13,333,169.367,9
552,9299033991,0,0,0,0.000,0
553,9299033991,0,0,0,0.000,0
554,9299034031,26,13,334,264.396,9
555,9299074979,0,0,0,0.000,0
556,9299074979,0,0,0,0.000,0
557,9299075017,26,13,334,224.712,9
558,9299115181,0,0,0,0.000,0
559,9299115181,0,0,1,0.005,0
560,9299115742,26,13,332,236.042,9
561,9299158210,0,0,0,0.000,0
562,9299158210,0,0,0,0.000,0
563,9299158277,26,13,334,193.543,9
564,9299203207,0,0,0,0.000,0
565,9299203207,0,0,0,0.000,0
566,9299203256,26,13,334,179.019,9
567,9299240193,0,0,0,0.000,0
568,9299240193,0,0,0,0.000,0
569,9299240248,26,13,334,212.143,9
570,9299281688,0,0,0,0.000,0
571,9299281688,0,0,1,0.006,0
572,9299282039,26,13,333,150.495,9
573,9299322024,0,0,0,0.000,0
574,9299322024,0,0,0,0.000,0
575,9299322056,26,13,326,179.853,9
576,9299363120,0,0,0,0.000,0
577,9299363120,0,0,0,0.000,0
578,9299363183,26,13,334,168.104,9
579,9299403180,0,0,0,0.000,0
580,9299403180,0,0,0,0.000,0
581,9299403239,26,13,334,219.582,9
582,9299443020,0,0,0,0.000,0
583,9299443020,0,0,1,0.008,0
584,9299443949,26,13,332,195.315,9
585,9299485141,0,0,0,0.000,0
586,9299485141,0,0,0,0.000,0
587,9299485185,26,13,334,195.059,9
588,9299523759,0,0,0,0.000,0
589,9299523759,0,0,0,0.000,0
590,9299523809,26,13,334,154.696,9
591,9299563996,0,0,0,0.000,0
592,9299563996,0,0,0,0.000,0
593,9299564086,26,13,334,140.108,9
594,9299604374,0,0,0,0.000,0
595,9299604374,0,0,0,0.000,0
596,9299604436,26,13,334,199.545,9
597,9299647189,0,0,0,0.000,0
598,9299647189,0,0,0,0.000,0
599,9299647273,26,13,334,206.510,9
600,9299685768,0,0,0,0.000,0
601,9299685768,0,0,0,0.000,0
602,9299685859,26,13,334,181.799,9
603,9299725921,0,0,0,0.000,0
604,9299725921,0,0,1,0.007,0
605,9299726094,26,13,333,187.689,9
606,9299766074,0,0,0,0.000,0
607,9299766074,0,0,0,0.000,0
608,9299766145,27,13,334,171.786,9
609,9299806402,0,0,0,0.000,0
610,9299806402,0,0,0,0.000,0
611,9299806485,11,10,334,155.416,4
612,9299846725,0,0,0,0.000,0
613,9299846725,0,0,0,0.000,0
614,9299846810,26,13,334,176.684,9
615,9299887565,0,0,0,0.000,0
616,9299887565,0,0,0,0.000,0
617,9299887680,26,13,334,164.222,9
618,9299927804,0,0,0,0.000,0
619,9299927804,0,0,0,0.000,0
620,9299927879,27,13,334,193.827,9
621,9299968053,0,0,0,0.000,0
622,9299968053,0,0,0,0.000,0
623,9299968144,26,13,334,193.898,9
624,9300008411,0,0,0,0.000,0
625,9300008411,0,0,0,0.000,0
626,9300008483,26,13,334,176.138,9
627,9300049815,0,0,0,0.000,0
628,9300049815,0,0,0,0.000,0
629,9300049911,26,13,334,194.965,9
630,9300090310,0,0,0,0.000,0
631,9300090310,0,0,0,0.000,0
632,9300090398,26,13,334,200.328,9
633,9300130446,0,0,0,0.000,0
634,9300130446,0,0,0,0.000,0
635,9300130523,26,13,334,153.631,9
636,9300170949,0,0,0,0.000,0
637,9300170949,0,0,0,0.000,0
638,9300171035,26,13,334,165.334,9
639,9300211467,0,0,0,0.000,0
640,9300211467,0,0,0,0.000,0
641,9300211524,26,13,334,194.270,9
642,9300251943,0,0,0,0.000,0
643,9300251943,0,0,0,0.000,0
644,9300252045,26,13,334,166.012,9
645,9300292165,0,0,0,0.000,0
646,9300292165,0,0,0,0.000,0
647,9300292245,26,13,334,163.155,9
648,9300332603,0,0,0,0.000,0
649,9300332603,0,0,0,0.000,0
650,9300332688,26,13,326,158.825,9
651,9300373089,0,0,0,0.000,0
652,9300373089,0,0,0,0.000,0
653,9300373135,26,13,334,139.347,9
654,9300413969,0,0,0,0.000,0
655,9300413969,0,0,0,0.000,0
656,9300414040,26,13,334,146.042,9
657,9300454277,0,0,0,0.000,0
658,9300454277,0,0,0,0.000,0
659,9300454325,26,13,334,155.446,9
660,9300496658,0,0,0,0.000,0
661,9300496658,0,0,0,0.000,0
662,9300496696,26,13,334,205.646,9
663,9300538264,0,0,0,0.000,0
664,9300538264,0,0,0,0.000,0
665,9300538333,26,13,334,219.261,9
666,9300578448,0,0,0,0.000,0
667,9300578448,0,0,0,0.000,0
668,9300578527,26,13,334,248.978,9
669,9300618988,0,0,0,0.000,0
670,9300618988,0,0,0,0.000,0
671,9300619042,26,13,334,189.735,9
672,9300660561,0,0,0,0.000,0
673,9300660561,0,0,0,0.000,0
674,9300660626,26,13,334,246.848,9
675,9300703550,0,0,0,0.000,0
676,9300703550,0,0,0,0.000,0
677,9300703626,26,13,334,190.174,9
678,9300743819,0,0,0,0.000,0
679,9300743819,0,0,0,0.000,0
680,9300743840,27,13,334,194.560,9
681,9300784228,0,0,0,0.000,0
682,9300784228,0,0,0,0.000,0
683,9300784299,26,13,333,183.457,9
684,9300824532,0,0,0,0.000,0
685,9300824532,0,0,0,0.000,0
686,9300824602,26,13,326,188.114,9
687,9300864905,0,0,0,0.000,0
688,9300864905,0,0,0,0.000,0
689,9300864973,26,13,334,215.786,9
690,9300905298,0,0,0,0.000,0
691,9300905298,0,0,0,0.000,0
692,9300905365,26,13,334,196.183,9
693,9300945572,0,0,0,0.000,0
694,9300945572,0,0,0,0.000,0
695,9300945636,27,13,333,196.705,9
696,9300985848,0,0,0,0.000,0
697,9300985848,0,0,0,0.000,0
698,9300985919,26,13,334,204.670,9
699,9301029082,0,0,0,0.000,0
700,9301029082,0,0,0,0.000,0
701,9301029251,26,13,334,265.487,9
702,9301069398,0,0,0,0.000,0
703,9301069398,0,0,0,0.000,0
704,9301069566,26,13,334,219.847,9
705,9301109677,0,0,0,0.000,0
706,9301109677,0,0,0,0.000,0
707,9301109953,26,13,333,221.193,9
708,9301149886,0,0,0,0.000,0
709,9301149886,0,0,0,0.000,0
710,9301150117,26,13,334,186.750,9
711,9301190437,0,0,0,0.000,0
712,9301190437,0,0,0,0.000,0
713,9301190558,26,13,334,244.542,9
714,9301230766,0,0,0,0.000,0
715,9301230766,0,0,0,0.000,0
716,9301230904,26,13,334,214.928,9
717,9301270867,0,0,0,0.000,0
718,9301270867,0,0,0,0.000,0
719,9301271023,26,13,334,242.797,9
720,9301311967,0,0,0,0.000,0
721,9301311967,0,0,0,0.000,0
722,9301312058,26,13,334,302.798,9
723,9301352523,0,0,0,0.000,0
724,9301352523,0,0,0,0.000,0
725,9301352608,26,13,333,239.734,9
726,9301392946,0,0,0,0.000,0
727,9301392946,0,0,0,0.000,0
728,9301393023,26,13,334,230.295,9
729,9301433365,0,0,0,0.000,0
730,9301433365,0,0,0,0.000,0
731,9301433441,26,13,334,216.796,9
732,9301473667,0,0,0,0.000,0
733,9301473667,0,0,0,0.000,0
734,9301473758,26,13,334,276.359,9
735,9301513964,0,0,0,0.000,0
736,9301513964,0,0,0,0.000,0
737,9301514030,26,13,334,244.366,9
738,9301554359,0,0,0,0.000,0
739,9301554359,0,0,0,0.000,0
740,9301554452,26,13,334,214.841,9
741,9301594681,0,0,0,0.000,0
742,9301594681,0,0,0,0.000,0
743,9301594752,26,13,334,200.932,9
744,9301635186,0,0,0,0.000,0
745,9301635186,0,0,0,0.000,0
746,9301635259,26,13,334,221.697,9
747,9301675446,0,0,0,0.000,0
748,9301675446,0,0,0,0.000,0
749,9301675524,26,13,334,247.891,9
750,9301718452,0,0,0,0.000,0
751,9301718452,0,0,0,0.000,0
752,9301718496,26,13,334,174.418,9
753,9301758723,0,0,0,0.000,0
754,9301758723,0,0,0,0.000,0
755,9301758764,27,13,334,153.435,9
756,9301781404,0,0,0,0.000,0
757,9301781404,0,0,0,0.000,0
758,9301781452,26,13,284,217.033,78
759,9301821676,0,0,0,0.000,0
760,9301821676,0,0,0,0.000,0
761,9301821712,26,13,334,272.550,9
762,9301855732,0,0,0,0.000,0
763,9301855732,0,0,0,0.000,0
764,9301855758,26,13,333,247.640,9
765,9301896112,0,0,0,0.000,0
766,9301896112,0,0,0,0.000,0
767,9301896144,26,13,333,173.794,9
768,9301927840,0,0,0,0.000,0
769,9301927840,0,0,0,0.000,0
770,9301927874,27,13,334,137.094,9
771,9301953982,0,0,0,0.000,0
772,9301953982,0,0,1,0.007,0
773,9301955035,26,13,333,183.925,9
774,9301995160,0,0,0,0.000,0
775,9301995160,0,0,0,0.000,0
776,9301995193,26,13,334,187.768,9
777,9302037813,0,0,0,0.000,0
778,9302037813,0,0,0,0.000,0
779,9302037891,26,13,334,159.830,9
780,9302078849,0,0,0,0.000,0
781,9302078849,0,0,0,0.000,0
782,9302078903,26,13,334,162.636,9
783,9302119320,0,0,0,0.000,0
784,9302119320,0,0,0,0.000,0
785,9302119359,26,13,334,184.309,9
786,9302161739,0,0,0,0.000,0
787,9302161739,0,0,0,0.000,0
788,9302161805,26,13,334,173.636,9
789,9302202180,0,0,0,0.000,0
790,9302202180,0,0,0,0.000,0
791,9302202253,26,13,334,175.680,9
792,9302242549,0,0,0,0.000,0
793,9302242549,0,0,0,0.000,0
794,9302242612,26,13,334,193.256,9
795,9302283856,0,0,0,0.000,0
796,9302283856,0,0,1,0.010,0
797,9302284119,26,13,333,147.955,9
798,9302326246,0,0,0,0.000,0
799,9302326246,0,0,0,0.000,0
800,9302326269,26,13,326,171.376,9
801,9302365869,0,0,0,0.000,0
802,9302365869,0,0,0,0.000,0
803,9302365911,26,13,334,163.536,9
804,9302387690,0,0,0,0.000,0
805,9302387690,0,0,0,0.000,0
806,9302387742,26,13,334,258.007,9
807,9302418885,0,0,0,0.000,0
808,9302418885,0,0,0,0.000,0
809,9302418928,26,13,334,146.072,9
810,9302460043,0,0,0,0.000,0
811,9302460043,0,0,0,0.000,0
812,9302460068,26,13,334,197.835,9
813,9302487084,0,0,0,0.000,0
814,9302487084,0,0,0,0.000,0
815,9302487160,26,13,334,150.797,9
816,9302527727,0,0,0,0.000,0
817,9302527727,0,0,0,0.000,0
818,9302527837,26,13,334,165.769,9
819,9302552128,0,0,0,0.000,0
820,9302552128,0,0,0,0.000,0
821,9302552215,26,13,334,238.563,9
822,9302592251,0,0,0,0.000,0
823,9302592251,0,0,0,0.000,0
824,9302592292,26,13,334,209.209,9
825,9302632619,0,0,0,0.000,0
826,9302632619,0,0,0,0.000,0
827,9302632662,26,13,334,209.112,9
828,9302672926,0,0,0,0.000,0
829,9302672926,0,0,0,0.000,0
830,9302672965,26,13,334,210.500,9
831,9302713250,0,0,0,0.000,0
832,9302713250,0,0,0,0.000,0
833,9302713303,26,13,334,209.270,9
834,9302753563,0,0,0,0.000,0
835,9302753563,0,0,0,0.000,0
836,9302753616,27,13,334,223.757,9
837,9302793893,0,0,0,0.000,0
838,9302793893,0,0,0,0.000,0
839,9302793944,26,13,334,217.691,9
840,9302834226,0,0,0,0.000,0
841,9302834226,0,0,0,0.000,0
842,9302834273,26,13,326,197.601,9
843,9302874449,0,0,0,0.000,0
844,9302874449,0,0,0,0.000,0
845,9302874503,26,13,334,221.222,9
846,9302915268,0,0,0,0.000,0
847,9302915268,0,0,0,0.000,0
848,9302915355,26,13,334,207.380,9
849,9302955629,0,0,0,0.000,0
850,9302955629,0,0,0,0.000,0
851,9302955728,27,13,333,219.629,9
852,9302997148,0,0,0,0.000,0
853,9302997148,0,0,1,0.009,0
854,9302998127,26,13,333,179.552,9
855,9303037324,0,0,0,0.000,0
856,9303037324,0,0,0,0.000,0
857,9303037400,26,13,334,183.440,9
858,9303077837,0,0,0,0.000,0
859,9303077837,0,0,1,0.007,0
860,9303079108,26,13,333,166.333,9
861,9303118136,0,0,0,0.000,0
862,9303118136,0,0,0,0.000,0
863,9303118223,26,13,334,179.626,9
864,9303158398,0,0,0,0.000,0
865,9303158398,0,0,0,0.000,0
866,9303158466,26,13,334,189.715,9
867,9303198699,0,0,0,0.000,0
868,9303198699,0,0,0,0.000,0
869,9303198767,26,13,334,191.852,9
870,9303238938,0,0,0,0.000,0
871,9303238938,0,0,0,0.000,0
872,9303238982,26,13,334,204.271,9
873,9303279298,0,0,0,0.000,0
874,9303279298,0,0,0,0.000,0
875,9303279368,26,13,334,186.382,9
876,9303319616,0,0,0,0.000,0
877,9303319616,0,0,0,0.000,0
878,9303319663,26,13,326,197.499,9
879,9303359979,0,0,0,0.000,0
880,9303359979,0,0,0,0.000,0
881,9303360044,26,13,334,190.147,9
882,9303400298,0,0,0,0.000,0
883,9303400298,0,0,0,0.000,0
884,9303400396,26,13,334,218.248,9
885,9303440505,0,0,0,0.000,0
886,9303440505,0,0,0,0.000,0
887,9303440575,26,13,334,222.880,9
888,9303480730,0,0,0,0.000,0
889,9303480730,0,0,0,0.000,0
890,9303480809,26,13,334,183.364,9
891,9303521207,0,0,0,0.000,0
892,9303521207,0,0,0,0.000,0
893,9303521268,26,13,334,205.924,9
894,9303561258,0,0,0,0.000,0
895,9303561258,0,0,0,0.000,0
896,9303561335,26,13,334,192.513,9
897,9303601428,0,0,0,0.000,0
898,9303601428,0,0,1,0.007,0
899,9303602154,26,13,333,216.704,9
900,9303641688,0,0,0,0.000,0
901,9303641688,0,0,1,0.005,0
902,9303642147,26,13,332,217.323,9
903,9303682723,0,0,0,0.000,0
904,9303682723,0,0,0,0.000,0
905,9303682782,26,13,334,174.965,9
906,9303722976,0,0,0,0.000,0
907,9303722976,0,0,0,0.000,0
908,9303723047,26,13,334,195.490,9
909,9303763280,0,0,0,0.000,0
910,9303763280,0,0,0,0.000,0
911,9303763359,27,13,334,199.905,9
912,9303803555,0,0,0,0.000,0
913,9303803555,0,0,0,0.000,0
914,9303803636,11,10,334,205.610,4
915,9303843824,0,0,0,0.000,0
916,9303843824,0,0,0,0.000,0
917,9303843887,26,13,334,216.567,9
918,9303884075,0,0,0,0.000,0
919,9303884075,0,0,0,0.000,0
920,9303884140,26,13,334,206.898,9
921,9303924298,0,0,0,0.000,0
922,9303924298,0,0,0,0.000,0
923,9303924382,27,13,334,202.788,9
924,9303964572,0,0,0,0.000,0
925,9303964572,0,0,0,0.000,0
926,9303964641,26,13,334,192.228,9
927,9304004816,0,0,0,0.000,0
928,9304004816,0,0,0,0.000,0
929,9304004887,26,13,334,207.454,9
930,9304045069,0,0,0,0.000,0
931,9304045069,0,0,0,0.000,0
932,9304045136,26,13,334,228.331,9
933,9304085131,0,0,0,0.000,0
934,9304085131,0,0,0,0.000,0
935,9304085178,26,13,334,187.205,9
936,9304125351,0,0,0,0.000,0
937,9304125351,0,0,0,0.000,0
938,9304125400,26,13,334,228.271,9
939,9304165537,0,0,0,0.000,0
940,9304165537,0,0,0,0.000,0
941,9304165584,26,13,334,208.933,9
942,9304205753,0,0,0,0.000,0
943,9304205753,0,0,0,0.000,0
944,9304205814,26,13,334,205.642,9
945,9304246692,0,0,0,0.000,0
946,9304246692,0,0,0,0.000,0
947,9304246742,26,13,334,216.164,9
948,9304288434,0,0,0,0.000,0
949,9304288434,0,0,0,0.000,0
950,9304288524,26,13,334,191.001,9
951,9304328649,0,0,0,0.000,0
952,9304328649,0,0,1,0.007,0
953,9304329059,26,13,325,200.541,9
954,9304370311,0,0,0,0.000,0
955,9304370311,0,0,1,0.008,0
956,9304371201,26,13,333,171.739,9
957,9304410676,0,0,0,0.000,0
958,9304410676,0,0,0,0.000,0
959,9304410729,26,13,334,189.173,9
960,9304451555,0,0,0,0.000,0
961,9304451555,0,0,0,0.000,0
962,9304451602,26,13,334,175.133,9
963,9304492034,0,0,0,0.000,0
964,9304492034,0,0,1,0.009,0
965,9304493011,26,13,333,177.181,9
966,9304532186,0,0,0,0.000,0
967,9304532186,0,0,1,0.007,0
968,9304534047,26,13,333,210.995,78
969,9304572725,0,0,0,0.000,0
970,9304572725,0,0,0,0.000,0
971,9304572738,26,13,334,177.259,9
972,9304613031,0,0,0,0.000,0
973,9304613031,0,0,0,0.000,0
974,9304613067,26,13,334,189.640,9
975,9304653306,0,0,0,0.000,0
976,9304653306,0,0,0,0.000,0
977,9304653346,26,13,334,205.759,9
978,9304694337,0,0,0,0.000,0
979,9304694337,0,0,0,0.000,0
980,9304694378,26,13,334,222.101,9
981,9304734105,0,0,0,0.000,0
982,9304734105,0,0,1,0.007,0
983,9304736033,26,13,333,216.871,9
984,9304774561,0,0,0,0.000,0
985,9304774561,0,0,1,0.008,0
986,9304776034,27,13,333,181.777,9
987,9304816188,0,0,0,0.000,0
988,9304816188,0,0,1,0.007,0
989,9304817032,26,13,333,168.713,9
990,9304857213,0,0,0,0.000,0
991,9304857213,0,0,1,0.007,0
992,9304858049,26,13,333,179.278,9
993,9304896950,0,0,0,0.000,0
994,9304896950,0,0,0,0.000,0
995,9304897028,26,13,334,213.225,9
996,9304940415,0,0,0,0.000,0
997,9304940415,0,0,0,0.000,0
998,9304940455,27,13,334,210.375,9
999,9304980082,0,0,0,0.000,0
1000,9304980082,0,0,0,0.000,0
1001,9304980124,26,13,334,206.067,9
1002,9305021212,0,0,0,0.000,0
1003,9305021212,0,0,1,0.007,0
1004,9305022176,26,13,333,221.151,9
1005,9305061172,0,0,0,0.000,0
1006,9305061172,0,0,0,0.000,0
1007,9305061236,26,13,334,176.437,9
1008,9305102778,0,0,0,0.000,0
1009,9305102778,0,0,1,0.009,0
1010,9305103072,26,13,333,179.494,9
1011,9305143126,0,0,0,0.000,0
1012,9305143126,0,0,0,0.000,0
1013,9305143289,26,13,334,205.911,9
1014,9305183437,0,0,0,0.000,0
1015,9305183437,0,0,1,0.009,0
1016,9305183872,26,13,333,197.322,9
1017,9305223813,0,0,0,0.000,0
1018,9305223813,0,0,1,0.007,0
1019,9305224789,26,13,333,178.876,9
1020,9305265601,0,0,0,0.000,0
1021,9305265601,0,0,0,0.000,0
1022,9305265655,26,13,334,186.156,9
1023,9305305287,0,0,0,0.000,0
1024,9305305287,0,0,1,0.007,0
1025,9305306215,26,13,333,139.075,9
1026,9305346882,0,0,0,0.000,0
1027,9305346882,0,0,0,0.000,0
1028,9305347034,26,13,334,186.445,9
1029,9305387382,0,0,0,0.000,0
1030,9305387382,0,0,1,0.014,0
1031,9305387628,26,13,333,156.947,9
1032,9305429172,0,0,0,0.000,0
1033,9305429172,0,0,1,0.022,0
1034,9305429595,26,13,333,179.786,9
1035,9305471414,0,0,0,0.000,0
1036,9305471414,0,0,1,0.021,0
1037,9305472240,26,13,333,182.955,9
1038,9305514663,0,0,0,0.000,0
1039,9305514663,0,0,0,0.000,0
1040,9305514889,26,13,334,181.619,9
1041,9305558718,0,0,0,0.000,0
1042,9305558718,0,0,1,0.007,0
1043,9305559481,26,13,333,155.748,9
1044,9305581302,0,0,0,0.000,0
1045,9305581302,0,0,1,0.008,0
1046,9305581557,26,13,333,267.377,9
1047,9305621386,0,0,0,0.000,0
1048,9305621386,0,0,0,0.000,0
1049,9305621423,26,13,333,239.413,9
1050,9305661665,0,0,0,0.000,0
1051,9305661665,0,0,0,0.000,0
1052,9305661746,26,13,334,235.226,9
1053,9305695601,0,0,0,0.000,0
1054,9305695601,0,0,0,0.000,0
1055,9305695639,26,13,334,248.476,9
1056,9305736224,0,0,0,0.000,0
1057,9305736224,0,0,0,0.000,0
1058,9305736244,26,13,334,194.896,9
1059,9305776631,0,0,0,0.000,0
1060,9305776631,0,0,0,0.000,0
1061,9305776649,27,13,334,206.167,9
1062,9305803764,0,0,0,0.000,0
1063,9305803764,0,0,0,0.000,0
1064,9305803851,26,13,334,160.645,9
1065,9305826496,0,0,0,0.000,0
1066,9305826496,0,0,0,0.000,0
1067,9305826572,26,13,334,194.449,9
1068,9305867183,0,0,0,0.000,0
1069,9305867183,0,0,1,0.006,0
1070,9305867420,26,13,333,224.392,9
1071,9305908420,0,0,0,0.000,0
1072,9305908420,0,0,1,0.009,0
1073,9305909556,26,13,333,195.053,9
1074,9305948460,0,0,0,0.000,0
1075,9305948460,0,0,1,0.013,0
1076,9305950432,27,13,333,162.422,9
1077,9305994179,0,0,0,0.000,0
1078,9305994179,0,0,0,0.000,0
1079,9305994310,26,13,334,170.850,9
1080,9306034119,0,0,0,0.000,0
1081,9306034119,0,0,0,0.000,0
1082,9306034205,26,13,334,163.123,9
1083,9306074221,0,0,0,0.000,0
1084,9306074221,0,0,1,0.007,0
1085,9306075035,26,13,333,171.455,9
1086,9306116626,0,0,0,0.000,0
1087,9306116626,0,0,0,0.000,0
1088,9306116719,26,13,334,180.691,9
1089,9306158554,0,0,0,0.000,0
1090,9306158554,0,0,0,0.000,0
1091,9306158631,26,13,334,172.690,9
1092,9306200497,0,0,0,0.000,0
1093,9306200497,0,0,0,0.000,0
1094,9306200524,26,13,334,190.002,9
1095,9306241420,0,0,0,0.000,0
1096,9306241420,0,0,0,0.000,0
1097,9306241461,26,13,334,156.470,9
1098,9306262934,0,0,0,0.000,0
1099,9306262934,0,0,0,0.000,0
1100,9306263020,26,13,334,239.329,9
1101,9306293833,0,0,0,0.000,0
1102,9306293833,0,0,0,0.000,0
1103,9306293942,26,13,334,160.886,9
1104,9306334159,0,0,0,0.000,0
1105,9306334159,0,0,0,0.000,0
1106,9306334174,26,13,326,171.537,9
1107,9306375392,0,0,0,0.000,0
1108,9306375392,0,0,0,0.000,0
1109,9306375412,26,13,334,157.563,9
1110,9306406396,0,0,0,0.000,0
1111,9306406396,0,0,0,0.000,0
1112,9306406523,26,13,334,151.573,9
1113,9306446888,0,0,0,0.000,0
1114,9306446888,0,0,0,0.000,0
1115,9306446967,26,13,334,167.629,9
1116,9306471997,0,0,0,0.000,0
1117,9306471997,0,0,1,0.012,0
1118,9306473388,26,13,333,215.621,9
1119,9306511801,0,0,0,0.000,0
1120,9306511801,0,0,0,0.000,0
1121,9306511846,26,13,334,211.784,9
1122,9306553190,0,0,0,0.000,0
1123,9306553190,0,0,0,0.000,0
1124,9306553239,26,13,334,189.619,9
1125,9306593688,0,0,0,0.000,0
1126,9306593688,0,0,0,0.000,0
1127,9306593739,26,13,334,202.584,9
1128,9306638226,0,0,0,0.000,0
1129,9306638226,0,0,1,0.006,0
1130,9306638991,26,13,333,199.071,9
1131,9306674718,0,0,0,0.000,0
1132,9306674718,0,0,1,0.007,0
1133,9306675602,26,13,333,207.303,9
1134,9306715198,0,0,0,0.000,0
1135,9306715198,0,0,1,0.007,0
1136,9306715983,26,13,333,191.979,9
1137,9306755344,0,0,0,0.000,0
1138,9306755344,0,0,1,0.006,0
1139,9306756051,27,13,333,187.220,9
1140,9306798319,0,0,0,0.000,0
1141,9306798319,0,0,1,0.006,0
1142,9306799218,26,13,333,209.265,9
1143,9306841236,0,0,0,0.000,0
1144,9306841236,0,0,1,0.007,0
1145,9306843056,26,13,333,181.871,9
1146,9306885129,0,0,0,0.000,0
1147,9306885129,0,0,0,0.000,0
1148,9306885218,26,13,334,172.865,9
1149,9306923246,0,0,0,0.000,0
1150,9306923246,0,0,1,0.007,0
1151,9306923466,27,13,333,161.204,9
1152,9306963638,0,0,0,0.000,0
1153,9306963638,0,0,0,0.000,0
1154,9306963692,26,13,334,162.886,9
1155,9307004044,0,0,0,0.000,0
1156,9307004044,0,0,0,0.000,0
1157,9307004118,26,13,334,161.694,9
1158,9307044475,0,0,0,0.000,0
1159,9307044475,0,0,1,0.006,0
1160,9307045416,26,13,333,185.989,9
1161,9307084840,0,0,0,0.000,0
1162,9307084840,0,0,1,0.006,0
1163,9307085347,26,13,333,165.574,9
1164,9307125211,0,0,0,0.000,0
1165,9307125211,0,0,1,0.008,0
1166,9307127454,26,13,333,166.293,9
1167,9307165667,0,0,0,0.000,0
1168,9307165667,0,0,0,0.000,0
1169,9307165785,26,13,334,158.957,9
1170,9307205986,0,0,0,0.000,0
1171,9307205986,0,0,0,0.000,0
1172,9307206085,26,13,334,166.009,9
1173,9307246544,0,0,0,0.000,0
1174,9307246544,0,0,0,0.000,0
1175,9307246659,26,13,334,156.659,9
1176,9307288933,0,0,0,0.000,0
1177,9307288933,0,0,0,0.000,0
1178,9307289038,26,13,334,204.111,79
1179,9307329233,0,0,0,0.000,0
1180,9307329233,0,0,1,0.009,0
1181,9307330261,26,13,325,175.686,9
1182,9307370870,0,0,0,0.000,0
1183,9307370870,0,0,0,0.000,0
1184,9307371059,26,13,334,185.358,9
1185,9307410517,0,0,0,0.000,0
1186,9307410517,0,0,0,0.000,0
1187,9307410554,26,13,334,192.587,9
1188,9307451382,0,0,0,0.000,0
1189,9307451382,0,0,1,0.006,0
1190,9307452038,26,13,332,169.020,9
1191,9307492272,0,0,0,0.000,0
1192,9307492272,0,0,1,0.006,0
1193,9307492978,26,13,333,185.929,9
1194,9307532824,0,0,0,0.000,0
1195,9307532824,0,0,0,0.000,0
1196,9307532875,26,13,334,191.477,9
1197,9307573260,0,0,0,0.000,0
1198,9307573260,0,0,0,0.000,0
1199,9307573305,26,13,334,148.387,9
1200,9307613605,0,0,0,0.000,0
1201,9307613605,0,0,0,0.000,0
1202,9307613650,26,13,334,148.832,9
1203,9307654047,0,0,0,0.000,0
1204,9307654047,0,0,0,0.000,0
1205,9307654099,26,13,334,219.556,9
1206,9307694306,0,0,0,0.000,0
1207,9307694306,0,0,1,0.006,0
1208,9307694493,26,13,333,170.753,9
1209,9307734726,0,0,0,0.000,0
1210,9307734726,0,0,0,0.000,0
1211,9307734755,26,13,334,207.319,9
1212,9307775237,0,0,0,0.000,0
1213,9307775237,0,0,0,0.000,0
1214,9307775301,27,13,334,195.035,9
1215,9307816166,0,0,0,0.000,0
1216,9307816166,0,0,0,0.000,0
1217,9307816230,26,13,334,190.909,9
1218,9307855840,0,0,0,0.000,0
1219,9307855840,0,0,0,0.000,0
1220,9307855899,26,13,334,198.272,9
1221,9307896674,0,0,0,0.000,0
1222,9307896674,0,0,0,0.000,0
1223,9307896740,26,13,334,154.034,9
1224,9307936546,0,0,0,0.000,0
1225,9307936546,0,0,0,0.000,0
1226,9307936589,27,13,334,206.628,9
1227,9307977352,0,0,0,0.000,0
1228,9307977352,0,0,1,0.013,0
1229,9307977955,26,13,333,207.392,9
1230,9308017613,0,0,0,0.000,0
1231,9308017613,0,0,0,0.000,0
1232,9308017666,26,13,334,202.241,9
1233,9308057942,0,0,0,0.000,0
1234,9308057942,0,0,0,0.000,0
1235,9308057992,26,13,334,191.302,9
1236,9308099690,0,0,0,0.000,0
1237,9308099690,0,0,0,0.000,0
1238,9308099837,26,13,334,186.497,9
1239,9308141222,0,0,0,0.000,0
1240,9308141222,0,0,0,0.000,0
1241,9308141266,26,13,334,179.195,9
1242,9308183215,0,0,0,0.000,0
1243,9308183215,0,0,0,0.000,0
1244,9308183308,26,13,334,193.789,9
1245,9308223318,0,0,0,0.000,0
1246,9308223318,0,0,0,0.000,0
1247,9308223397,26,13,334,189.006,9
1248,9308267355,0,0,0,0.000,0
1249,9308267355,0,0,0,0.000,0
1250,9308267463,26,13,334,148.928,9
1251,9308309330,0,0,0,0.000,0
1252,9308309330,0,0,0,0.000,0
1253,9308309538,26,13,334,150.628,9
1254,9308349807,0,0,0,0.000,0
1255,9308349807,0,0,0,0.000,0
1256,9308350010,26,13,334,157.129,9
1257,9308390110,0,0,0,0.000,0
1258,9308390110,0,0,0,0.000,0
1259,9308390325,26,13,334,154.887,9
1260,9308431072,0,0,0,0.000,0
1261,9308431072,0,0,0,0.000,0
1262,9308431203,26,13,334,149.835,9
1263,9308452527,0,0,0,0.000,0
1264,9308452527,0,0,0,0.000,0
1265,9308452625,26,13,334,221.289,9
1266,9308492770,0,0,0,0.000,0
1267,9308492770,0,0,0,0.000,0
1268,9308492833,26,13,334,246.033,9
1269,9308533499,0,0,0,0.000,0
1270,9308533499,0,0,1,0.006,0
1271,9308534346,26,13,333,189.352,9
1272,9308573696,0,0,0,0.000,0
1273,9308573696,0,0,0,0.000,0
1274,9308573779,26,13,334,186.944,9
1275,9308604850,0,0,0,0.000,0
1276,9308604850,0,0,0,0.000,0
1277,9308604891,26,13,334,173.941,9
1278,9308645211,0,0,0,0.000,0
1279,9308645211,0,0,0,0.000,0
1280,9308645226,26,13,334,157.338,9
1281,9308667964,0,0,0,0.000,0
1282,9308667964,0,0,0,0.000,0
1283,9308668011,26,13,334,187.362,9
1284,9308708564,0,0,0,0.000,0
1285,9308708564,0,0,0,0.000,0
1286,9308708740,26,13,334,183.717,9
1287,9308751266,0,0,0,0.000,0
1288,9308751266,0,0,0,0.000,0
1289,9308751339,27,13,334,183.288,9
1290,9308790130,0,0,0,0.000,0
1291,9308790130,0,0,0,0.000,0
1292,9308790336,26,13,334,184.862,9
1293,9308833597,0,0,0,0.000,0
1294,9308833597,0,0,0,0.000,0
1295,9308833716,26,13,326,177.347,9
1296,9308873652,0,0,0,0.000,0
1297,9308873652,0,0,0,0.000,0
1298,9308873728,26,13,334,208.415,9
1299,9308915059,0,0,0,0.000,0
1300,9308915059,0,0,0,0.000,0
1301,9308915222,26,13,334,164.473,9
1302,9308955207,0,0,0,0.000,0
1303,9308955207,0,0,0,0.000,0
1304,9308955228,27,13,334,182.593,9
1305,9308995622,0,0,0,0.000,0
1306,9308995622,0,0,0,0.000,0
1307,9308995661,26,13,334,153.771,9
1308,9309036024,0,0,0,0.000,0
1309,9309036024,0,0,0,0.000,0
1310,9309036120,26,13,334,224.422,9
1311,9309078271,0,0,0,0.000,0
1312,9309078271,0,0,0,0.000,0
1313,9309078300,26,13,334,178.067,9
1314,9309119470,0,0,0,0.000,0
1315,9309119470,0,0,0,0.000,0
1316,9309119557,26,13,334,145.908,9
1317,9309142907,0,0,0,0.000,0
1318,9309142907,0,0,0,0.000,0
1319,9309142970,26,13,334,213.126,9
1320,9309183158,0,0,0,0.000,0
1321,9309183158,0,0,0,0.000,0
1322,9309183235,26,13,334,187.224,9
1323,9309223395,0,0,0,0.000,0
1324,9309223395,0,0,0,0.000,0
1325,9309223504,26,13,334,178.632,9
1326,9309251098,0,0,0,0.000,0
1327,9309251098,0,0,0,0.000,0
1328,9309251199,26,13,334,185.716,9
1329,9309292035,0,0,0,0.000,0
1330,9309292035,0,0,0,0.000,0
1331,9309292123,26,13,334,200.440,9
1332,9309332369,0,0,0,0.000,0
1333,9309332369,0,0,0,0.000,0
1334,9309332497,26,13,326,182.615,9
1335,9309372473,0,0,0,0.000,0
1336,9309372473,0,0,0,0.000,0
1337,9309372547,26,13,334,218.555,9
1338,9309403526,0,0,0,0.000,0
1339,9309403526,0,0,1,0.006,0
1340,9309404215,26,13,333,202.241,9
1341,9309444089,0,0,0,0.000,0
1342,9309444089,0,0,0,0.000,0
1343,9309444133,26,13,334,191.317,9
1344,9309487676,0,0,0,0.000,0
1345,9309487676,0,0,0,0.000,0
1346,9309487741,26,13,334,177.400,9
1347,9309527838,0,0,0,0.000,0
1348,9309527838,0,0,0,0.000,0
1349,9309527901,26,13,334,162.191,9
1350,9309556571,0,0,0,0.000,0
1351,9309556571,0,0,0,0.000,0
1352,9309556623,26,13,334,180.699,9
1353,9309597081,0,0,0,0.000,0
1354,9309597081,0,0,1,0.006,0
1355,9309597949,26,13,333,153.251,9
1356,9309641355,0,0,0,0.000,0
1357,9309641355,0,0,1,0.008,0
1358,9309643889,26,13,333,149.296,9
1359,9309680950,0,0,0,0.000,0
1360,9309680950,0,0,0,0.000,0
1361,9309681059,26,13,334,176.875,9
1362,9309707160,0,0,0,0.000,0
1363,9309707160,0,0,0,0.000,0
1364,9309707238,26,13,334,178.039,9
1365,9309747560,0,0,0,0.000,0
1366,9309747560,0,0,0,0.000,0
1367,9309747599,27,13,334,186.596,9
1368,9309787816,0,0,0,0.000,0
1369,9309787816,0,0,0,0.000,0
1370,9309787890,26,13,334,199.056,9
1371,9309819148,0,0,0,0.000,0
1372,9309819148,0,0,0,0.000,0
1373,9309819217,26,13,334,164.799,9
1374,9309844485,0,0,0,0.000,0
1375,9309844485,0,0,0,0.000,0
1376,9309844533,26,13,334,150.714,9
1377,9309866080,0,0,0,0.000,0
1378,9309866080,0,0,0,0.000,0
1379,9309866156,26,13,334,217.038,76
1380,9309907585,0,0,0,0.000,0
1381,9309907585,0,0,0,0.000,0
1382,9309907608,26,13,334,253.149,9
1383,9309941568,0,0,0,0.000,0
1384,9309941568,0,0,0,0.000,0
1385,9309941601,27,13,334,198.251,9
1386,9309982312,0,0,0,0.000,0
1387,9309982312,0,0,0,0.000,0
1388,9309982326,26,13,334,216.960,9
1389,9310022746,0,0,0,0.000,0
1390,9310022746,0,0,0,0.000,0
1391,9310022778,26,13,334,224.500,9
1392,9310051087,0,0,0,0.000,0
1393,9310051087,0,0,0,0.000,0
1394,9310051149,26,13,334,161.446,9
1395,9310091273,0,0,0,0.000,0
1396,9310091273,0,0,0,0.000,0
1397,9310091314,26,13,334,152.218,9
1398,9310132964,0,0,0,0.000,0
1399,9310132964,0,0,0,0.000,0
1400,9310133026,26,13,334,156.747,9
1401,9310163262,0,0,0,0.000,0
1402,9310163262,0,0,1,0.008,0
1403,9310164165,26,13,333,158.375,9
1404,9310201436,0,0,0,0.000,0
1405,9310201436,0,0,1,0.007,0
1406,9310202030,26,13,333,186.513,9
1407,9310244176,0,0,0,0.000,0
1408,9310244176,0,0,0,0.000,0
1409,9310244224,26,13,334,167.325,9
1410,9310270717,0,0,0,0.000,0
1411,9310270717,0,0,0,0.000,0
1412,9310270841,26,13,334,259.991,9
1413,9310310863,0,0,0,0.000,0
1414,9310310863,0,0,0,0.000,0
1415,9310310910,26,13,333,200.760,9
1416,9310338972,0,0,0,0.000,0
1417,9310338972,0,0,0,0.000,0
1418,9310339014,26,13,334,150.525,9
1419,9310379385,0,0,0,0.000,0
1420,9310379385,0,0,0,0.000,0
1421,9310379419,26,13,334,161.367,9
1422,9310406029,0,0,0,0.000,0
1423,9310406029,0,0,0,0.000,0
1424,9310406069,26,13,334,149.824,9
1425,9310446491,0,0,0,0.000,0
1426,9310446491,0,0,0,0.000,0
1427,9310446529,26,13,334,187.403,9
1428,9310476781,0,0,0,0.000,0
1429,9310476781,0,0,0,0.000,0
1430,9310476846,26,13,334,181.560,9
1431,9310517387,0,0,0,0.000,0
1432,9310517387,0,0,0,0.000,0
1433,9310517465,26,13,334,194.810,9
1434,9310544948,0,0,0,0.000,0
1435,9310544948,0,0,0,0.000,0
1436,9310545016,26,13,334,184.332,9
1437,9310575519,0,0,0,0.000,0
1438,9310575519,0,0,0,0.000,0
1439,9310575582,26,13,334,176.845,9
1440,9310606904,0,0,0,0.000,0
1441,9310606904,0,0,0,0.000,0
1442,9310607064,26,13,334,184.890,9
1443,9310633798,0,0,0,0.000,0
1444,9310633798,0,0,0,0.000,0
1445,9310633860,26,13,334,158.677,9
1446,9310671577,0,0,0,0.000,0
1447,9310671577,0,0,0,0.000,0
1448,9310671662,26,13,334,143.583,9
1449,9310713724,0,0,0,0.000,0
1450,9310713724,0,0,0,0.000,0
1451,9310713782,26,13,334,158.604,9
1452,9310753153,0,0,0,0.000,0
1453,9310753153,0,0,0,0.000,0
1454,9310753192,27,13,334,157.034,9
1455,9310792252,0,0,0,0.000,0
1456,9310792252,0,0,0,0.000,0
1457,9310792337,26,13,334,211.509,9
1458,9310833412,0,0,0,0.000,0
1459,9310833412,0,0,0,0.000,0
1460,9310833480,26,13,326,164.992,9
1461,9310874317,0,0,0,0.000,0
1462,9310874317,0,0,0,0.000,0
1463,9310874383,26,13,334,178.586,9
1464,9310914793,0,0,0,0.000,0
1465,9310914793,0,0,0,0.000,0
1466,9310914834,26,13,334,179.881,9
1467,9310953702,0,0,0,0.000,0
1468,9310953702,0,0,0,0.000,0
1469,9310953795,27,13,334,203.828,9
1470,9310994627,0,0,0,0.000,0
1471,9310994627,0,0,0,0.000,0
1472,9310994683,26,13,334,248.729,9
1473,9311034224,0,0,0,0.000,0
1474,9311034224,0,0,0,0.000,0
1475,9311034269,26,13,334,150.544,9
1476,9311074261,0,0,0,0.000,0
1477,9311074261,0,0,1,0.009,0
1478,9311074523,26,13,333,168.653,9
1479,9311114178,0,0,0,0.000,0
1480,9311114178,0,0,0,0.000,0
1481,9311114230,26,13,334,181.958,9
1482,9311153898,0,0,0,0.000,0
1483,9311153898,0,0,0,0.000,0
1484,9311153998,26,13,334,173.413,9
1485,9311194955,0,0,0,0.000,0
1486,9311194955,0,0,0,0.000,0
1487,9311195069,26,13,334,225.998,9
1488,9311234995,0,0,0,0.000,0
1489,9311234995,0,0,0,0.000,0
1490,9311235125,26,13,334,207.316,9
1491,9311274833,0,0,0,0.000,0
1492,9311274833,0,0,0,0.000,0
1493,9311274895,26,13,334,147.465,9
1494,9311314988,0,0,0,0.000,0
1495,9311314988,0,0,1,0.005,0
1496,9311315693,26,13,333,193.689,9
1497,9311356155,0,0,0,0.000,0
1498,9311356155,0,0,0,0.000,0
1499,9311356193,26,13,334,150.891,9
1500,9311395173,0,0,0,0.000,0
1501,9311395173,0,0,1,0.006,0
1502,9311396041,26,13,333,152.074,9
1503,9311435302,0,0,0,0.000,0
1504,9311435302,0,0,0,0.000,0
1505,9311435368,26,13,334,156.749,9
1506,9311474252,0,0,0,0.000,0
1507,9311474252,0,0,0,0.000,0
1508,9311474299,26,13,334,153.953,9
1509,9311514401,0,0,0,0.000,0
1510,9311514401,0,0,0,0.000,0
1511,9311514471,26,13,334,155.651,9
1512,9311554289,0,0,0,0.000,0
1513,9311554289,0,0,0,0.000,0
1514,9311554362,26,13,334,187.872,9
1515,9311593675,0,0,0,0.000,0
1516,9311593675,0,0,1,0.009,0
1517,9311594705,26,13,333,216.652,9
1518,9311634462,0,0,0,0.000,0
1519,9311634462,0,0,0,0.000,0
1520,9311634513,26,13,334,191.443,9
1521,9311674793,0,0,0,0.000,0
1522,9311674793,0,0,0,0.000,0
1523,9311674860,26,13,334,179.910,9
1524,9311714327,0,0,0,0.000,0
1525,9311714327,0,0,0,0.000,0
1526,9311714390,26,13,334,187.925,9
1527,9311754055,0,0,0,0.000,0
1528,9311754055,0,0,0,0.000,0
1529,9311754107,27,13,334,168.947,9
1530,9311794524,0,0,0,0.000,0
1531,9311794524,0,0,0,0.000,0
1532,9311794582,26,13,334,200.792,9
1533,9311834845,0,0,0,0.000,0
1534,9311834845,0,0,0,0.000,0
1535,9311834888,26,13,334,185.948,9
1536,9311874672,0,0,0,0.000,0
1537,9311874672,0,0,0,0.000,0
1538,9311874745,26,13,334,180.723,9
1539,9311914072,0,0,0,0.000,0
1540,9311914072,0,0,0,0.000,0
1541,9311914129,26,13,334,236.842,9
1542,9311954716,0,0,0,0.000,0
1543,9311954716,0,0,0,0.000,0
1544,9311954787,27,13,334,199.604,9
1545,9311992941,0,0,0,0.000,0
1546,9311992941,0,0,0,0.000,0
1547,9311993008,26,13,334,199.388,9
1548,9312032672,0,0,0,0.000,0
1549,9312032672,0,0,0,0.000,0
1550,9312032740,26,13,334,182.712,9
1551,9312072911,0,0,0,0.000,0
1552,9312072911,0,0,0,0.000,0
1553,9312072954,26,13,334,187.095,9
1554,9312113501,0,0,0,0.000,0
1555,9312113501,0,0,0,0.000,0
1556,9312113553,26,13,334,194.996,9
1557,9312152527,0,0,0,0.000,0
1558,9312152527,0,0,0,0.000,0
1559,9312152578,26,13,334,205.655,9
1560,9312193454,0,0,0,0.000,0
1561,9312193454,0,0,1,0.006,0
1562,9312194053,26,13,333,181.193,9
1563,9312234042,0,0,0,0.000,0
1564,9312234042,0,0,0,0.000,0
1565,9312234102,26,13,334,216.744,9
1566,9312273265,0,0,0,0.000,0
1567,9312273265,0,0,0,0.000,0
1568,9312273319,26,13,334,230.377,9
1569,9312312954,0,0,0,0.000,0
1570,9312312954,0,0,0,0.000,0
1571,9312313027,26,13,334,231.790,9
1572,9312353336,0,0,0,0.000,0
1573,9312353336,0,0,0,0.000,0
1574,9312353390,26,13,334,172.145,9
1575,9312393440,0,0,0,0.000,0
1576,9312393440,0,0,0,0.000,0
1577,9312393491,26,13,334,229.512,9
1578,9312433348,0,0,0,0.000,0
1579,9312433348,0,0,0,0.000,0
1580,9312433400,26,13,334,202.972,9
1581,9312474076,0,0,0,0.000,0
1582,9312474076,0,0,0,0.000,0
1583,9312474119,26,13,334,162.249,9
1584,9312513353,0,0,0,0.000,0
1585,9312513353,0,0,0,0.000,0
1586,9312513400,26,13,334,228.858,78
1587,9312552402,0,0,0,0.000,0
1588,9312552402,0,0,0,0.000,0
1589,9312552433,26,13,334,215.955,9
1590,9312592030,0,0,0,0.000,0
1591,9312592030,0,0,0,0.000,0
1592,9312592059,26,13,334,188.931,9
1593,9312632173,0,0,0,0.000,0
1594,9312632173,0,0,0,0.000,0
1595,9312632202,26,13,334,170.724,9
1596,9312673937,0,0,0,0.000,0
1597,9312673937,0,0,0,0.000,0
1598,9312673969,26,13,334,186.731,9
1599,9312714377,0,0,0,0.000,0
1600,9312714377,0,0,0,0.000,0
1601,9312714414,26,13,334,175.061,9
1602,9312753764,0,0,0,0.000,0
1603,9312753764,0,0,0,0.000,0
1604,9312753831,27,13,334,181.387,9
1605,9312795039,0,0,0,0.000,0
1606,9312795039,0,0,0,0.000,0
1607,9312795079,26,13,334,138.036,9
1608,9312817566,0,0,0,0.000,0
1609,9312817566,0,0,0,0.000,0
1610,9312817606,26,13,326,205.010,9
1611,9312858015,0,0,0,0.000,0
1612,9312858015,0,0,0,0.000,0
1613,9312858084,26,13,334,200.840,9
1614,9312898769,0,0,0,0.000,0
1615,9312898769,0,0,0,0.000,0
1616,9312898839,26,13,334,186.523,9
1617,9312938826,0,0,0,0.000,0
1618,9312938826,0,0,0,0.000,0
1619,9312938860,27,13,334,184.848,9
1620,9312979184,0,0,0,0.000,0
1621,9312979184,0,0,1,0.006,0
1622,9312980032,26,13,333,268.578,9
1623,9313020501,0,0,0,0.000,0
1624,9313020501,0,0,0,0.000,0
1625,9313020557,26,13,334,217.923,9
1626,9313060791,0,0,0,0.000,0
1627,9313060791,0,0,0,0.000,0
1628,9313060847,26,13,334,204.646,9
1629,9313101009,0,0,0,0.000,0
1630,9313101009,0,0,0,0.000,0
1631,9313101043,26,13,334,240.984,9
1632,9313141272,0,0,0,0.000,0
1633,9313141272,0,0,0,0.000,0
1634,9313141307,26,13,334,253.418,9
1635,9313181624,0,0,0,0.000,0
1636,9313181624,0,0,0,0.000,0
1637,9313181662,26,13,334,222.449,9
1638,9313221979,0,0,0,0.000,0
1639,9313221979,0,0,0,0.000,0
1640,9313222022,26,13,334,244.507,9
1641,9313262504,0,0,0,0.000,0
1642,9313262504,0,0,0,0.000,0
1643,9313262542,26,13,334,269.902,9
1644,9313304671,0,0,0,0.000,0
1645,9313304671,0,0,0,0.000,0
1646,9313304715,26,13,334,236.205,9
1647,9313346871,0,0,0,0.000,0
1648,9313346871,0,0,0,0.000,0
1649,9313346959,26,13,334,210.466,9
1650,9313387392,0,0,0,0.000,0
1651,9313387392,0,0,0,0.000,0
1652,9313387508,26,13,334,187.980,9
1653,9313427710,0,0,0,0.000,0
1654,9313427710,0,0,0,0.000,0
1655,9313427828,26,13,334,193.379,9
1656,9313468341,0,0,0,0.000,0
1657,9313468341,0,0,0,0.000,0
1658,9313468552,26,13,334,220.100,9
1659,9313508616,0,0,0,0.000,0
1660,9313508616,0,0,1,0.015,0
1661,9313508844,26,13,333,214.378,9
1662,9313549234,0,0,0,0.000,0
1663,9313549234,0,0,0,0.000,0
1664,9313549492,26,13,334,171.358,9
1665,9313589422,0,0,0,0.000,0
1666,9313589422,0,0,0,0.000,0
1667,9313589642,26,13,334,238.045,9
1668,9313630168,0,0,0,0.000,0
1669,9313630168,0,0,0,0.000,0
1670,9313630424,26,13,334,258.262,9
1671,9313670382,0,0,0,0.000,0
1672,9313670382,0,0,1,0.024,0
1673,9313672221,26,13,333,224.462,9
1674,9313710777,0,0,0,0.000,0
1675,9313710777,0,0,0,0.000,0
1676,9313710925,26,13,333,230.005,9
1677,9313751040,0,0,0,0.000,0
1678,9313751040,0,0,0,0.000,0
1679,9313751199,27,13,334,245.358,9
1680,9313791330,0,0,0,0.000,0
1681,9313791330,0,0,0,0.000,0
1682,9313791462,26,13,334,244.579,9
1683,9313831564,0,0,0,0.000,0
1684,9313831564,0,0,0,0.000,0
1685,9313831642,26,13,334,289.732,9
1686,9313871945,0,0,0,0.000,0
1687,9313871945,0,0,0,0.000,0
1688,9313872027,26,13,334,239.504,9
1689,9313912117,0,0,0,0.000,0
1690,9313912117,0,0,0,0.000,0
1691,9313912209,26,13,334,239.947,9
1692,9313953096,0,0,0,0.000,0
1693,9313953096,0,0,0,0.000,0
1694,9313953166,27,13,334,213.150,9
1695,9313976515,0,0,0,0.000,0
1696,9313976515,0,0,0,0.000,0
1697,9313976544,26,13,334,200.556,9
1698,9314008924,0,0,0,0.000,0
1699,9314008924,0,0,0,0.000,0
1700,9314009037,26,13,334,182.194,9
1701,9314040209,0,0,0,0.000,0
1702,9314040209,0,0,1,0.006,0
1703,9314040955,26,13,333,177.667,9
1704,9314074532,0,0,0,0.000,0
1705,9314074532,0,0,0,0.000,0
1706,9314074587,26,13,326,177.145,9
1707,9314097088,0,0,0,0.000,0
1708,9314097088,0,0,0,0.000,0
1709,9314097157,26,13,334,182.229,9
1710,9314137416,0,0,0,0.000,0
1711,9314137416,0,0,0,0.000,0
1712,9314137462,26,13,334,259.707,9
1713,9314178033,0,0,0,0.000,0
1714,9314178033,0,0,0,0.000,0
1715,9314178060,26,13,334,281.091,9
1716,9314218336,0,0,0,0.000,0
1717,9314218336,0,0,0,0.000,0
1718,9314218379,26,13,334,211.880,9
1719,9314260482,0,0,0,0.000,0
1720,9314260482,0,0,0,0.000,0
1721,9314260550,26,13,334,192.051,9
1722,9314300806,0,0,0,0.000,0
1723,9314300806,0,0,0,0.000,0
1724,9314300865,26,13,334,189.392,9
1725,9314341186,0,0,0,0.000,0
1726,9314341186,0,0,0,0.000,0
1727,9314341243,26,13,334,190.871,9
1728,9314381520,0,0,0,0.000,0
1729,9314381520,0,0,0,0.000,0
1730,9314381608,26,13,334,217.037,9
1731,9314421764,0,0,0,0.000,0
1732,9314421764,0,0,0,0.000,0
1733,9314421820,26,13,334,272.910,9
1734,9314462223,0,0,0,0.000,0
1735,9314462223,0,0,0,0.000,0
1736,9314462260,26,13,334,213.937,9
1737,9314502559,0,0,0,0.000,0
1738,9314502559,0,0,0,0.000,0
1739,9314502633,26,13,334,217.674,9
1740,9314542860,0,0,0,0.000,0
1741,9314542860,0,0,0,0.000,0
1742,9314542923,26,13,334,235.970,9
1743,9314583157,0,0,0,0.000,0
1744,9314583157,0,0,1,0.004,0
1745,9314583784,26,13,333,190.030,9
1746,9314623498,0,0,0,0.000,0
1747,9314623498,0,0,0,0.000,0
1748,9314623565,26,13,333,188.230,9
1749,9314663909,0,0,0,0.000,0
1750,9314663909,0,0,0,0.000,0
1751,9314664024,26,13,334,217.193,9
1752,9314704220,0,0,0,0.000,0
1753,9314704220,0,0,0,0.000,0
1754,9314704282,26,13,334,185.704,9
1755,9314744410,0,0,0,0.000,0
1756,9314744410,0,0,0,0.000,0
1757,9314744436,27,13,334,260.978,9
1758,9314785595,0,0,0,0.000,0
1759,9314785595,0,0,0,0.000,0
1760,9314785673,26,13,334,243.569,9
1761,9314825987,0,0,0,0.000,0
1762,9314825987,0,0,0,0.000,0
1763,9314826033,26,13,325,204.719,9
1764,9314866491,0,0,0,0.000,0
1765,9314866491,0,0,0,0.000,0
1766,9314866598,26,13,333,192.062,9
1767,9314906801,0,0,0,0.000,0
1768,9314906801,0,0,0,0.000,0
1769,9314906866,26,13,334,203.197,9
1770,9314947073,0,0,0,0.000,0
1771,9314947073,0,0,0,0.000,0
1772,9314947139,27,13,334,206.153,9
1773,9314987955,0,0,0,0.000,0
1774,9314987955,0,0,0,0.000,0
1775,9314988004,26,13,334,280.820,9
1776,9315028231,0,0,0,0.000,0
1777,9315028231,0,0,0,0.000,0
1778,9315028348,26,13,334,196.953,9
1779,9315069896,0,0,0,0.000,0
1780,9315069896,0,0,0,0.000,0
1781,9315070079,26,13,334,210.795,9
1782,9315110041,0,0,0,0.000,0
1783,9315110041,0,0,0,0.000,0
1784,9315110136,26,13,334,203.674,75
1785,9315150372,0,0,0,0.000,0
1786,9315150372,0,0,0,0.000,0
1787,9315150409,26,13,334,200.902,9
1788,9315190693,0,0,0,0.000,0
1789,9315190693,0,0,0,0.000,0
1790,9315190746,26,13,334,222.982,9
1791,9315231022,0,0,0,0.000,0
1792,9315231022,0,0,0,0.000,0
1793,9315231073,26,13,334,237.849,9
1794,9315271326,0,0,0,0.000,0
1795,9315271326,0,0,0,0.000,0
1796,9315271366,26,13,334,245.981,9
1797,9315312527,0,0,0,0.000,0
1798,9315312527,0,0,0,0.000,0
1799,9315312566,26,13,334,218.099,9
1800,9315352604,0,0,0,0.000,0
1801,9315352604,0,0,0,0.000,0
1802,9315352633,26,13,334,227.284,9
1803,9315392958,0,0,0,0.000,0
1804,9315392958,0,0,0,0.000,0
1805,9315392988,26,13,334,245.153,9
1806,9315433200,0,0,0,0.000,0
1807,9315433200,0,0,0,0.000,0
1808,9315433229,26,13,334,256.208,9
1809,9315473573,0,0,0,0.000,0
1810,9315473573,0,0,0,0.000,0
1811,9315473605,26,13,334,244.909,9
1812,9315513878,0,0,0,0.000,0
1813,9315513878,0,0,0,0.000,0
1814,9315513911,26,13,334,218.234,9
1815,9315554129,0,0,0,0.000,0
1816,9315554129,0,0,0,0.000,0
1817,9315554158,26,13,334,242.455,9
1818,9315594476,0,0,0,0.000,0
1819,9315594476,0,0,0,0.000,0
1820,9315594516,26,13,334,275.327,9
1821,9315634715,0,0,0,0.000,0
1822,9315634715,0,0,0,0.000,0
1823,9315634747,26,13,334,231.304,9
1824,9315675021,0,0,0,0.000,0
1825,9315675021,0,0,0,0.000,0
1826,9315675057,26,13,334,256.427,9
1827,9315715523,0,0,0,0.000,0
1828,9315715523,0,0,0,0.000,0
1829,9315715614,26,13,334,186.524,9
1830,9315755677,0,0,0,0.000,0
1831,9315755677,0,0,0,0.000,0
1832,9315755750,27,13,334,202.386,9
1833,9315795981,0,0,0,0.000,0
1834,9315795981,0,0,0,0.000,0
1835,9315796054,11,10,334,194.717,4
1836,9315836106,0,0,0,0.000,0
1837,9315836106,0,0,0,0.000,0
1838,9315836177,26,13,333,232.379,9
1839,9315876299,0,0,0,0.000,0
1840,9315876299,0,0,0,0.000,0
1841,9315876366,26,13,334,232.097,9
1842,9315916868,0,0,0,0.000,0
1843,9315916868,0,0,1,0.005,0
1844,9315917599,26,13,333,188.670,9
1845,9315957103,0,0,0,0.000,0
1846,9315957103,0,0,0,0.000,0
1847,9315957173,27,13,334,188.472,9
1848,9315997477,0,0,0,0.000,0
1849,9315997477,0,0,0,0.000,0
1850,9315997539,26,13,334,183.209,9
1851,9316037906,0,0,0,0.000,0
1852,9316037906,0,0,0,0.000,0
1853,9316037969,26,13,334,186.396,9
1854,9316078310,0,0,0,0.000,0
1855,9316078310,0,0,0,0.000,0
1856,9316078385,26,13,333,189.849,9
1857,9316118695,0,0,0,0.000,0
1858,9316118695,0,0,0,0.000,0
1859,9316118761,26,13,334,210.284,9
1860,9316158930,0,0,0,0.000,0
1861,9316158930,0,0,0,0.000,0
1862,9316159010,26,13,334,189.471,9
1863,9316199299,0,0,0,0.000,0
1864,9316199299,0,0,0,0.000,0
1865,9316199340,26,13,334,179.948,9
1866,9316239737,0,0,0,0.000,0
1867,9316239737,0,0,0,0.000,0
1868,9316239771,26,13,334,217.171,9
1869,9316280178,0,0,0,0.000,0
1870,9316280178,0,0,0,0.000,0
1871,9316280210,26,13,334,195.468,9
1872,9316320394,0,0,0,0.000,0
1873,9316320394,0,0,0,0.000,0
1874,9316320493,26,13,326,199.070,9
1875,9316360624,0,0,0,0.000,0
1876,9316360624,0,0,0,0.000,0
1877,9316360670,26,13,334,199.133,9
1878,9316400880,0,0,0,0.000,0
1879,9316400880,0,0,0,0.000,0
1880,9316400926,26,13,334,204.827,9
1881,9316441181,0,0,0,0.000,0
1882,9316441181,0,0,0,0.000,0
1883,9316441222,26,13,334,192.201,9
1884,9316481439,0,0,0,0.000,0
1885,9316481439,0,0,0,0.000,0
1886,9316481482,26,13,334,199.202,9
1887,9316521592,0,0,0,0.000,0
1888,9316521592,0,0,0,0.000,0
1889,9316521661,26,13,334,187.837,9
1890,9316562807,0,0,0,0.000,0
1891,9316562807,0,0,0,0.000,0
1892,9316562877,26,13,334,202.629,9
1893,9316603181,0,0,0,0.000,0
1894,9316603181,0,0,0,0.000,0
1895,9316603249,26,13,334,183.281,9
1896,9316643480,0,0,0,0.000,0
1897,9316643480,0,0,0,0.000,0
1898,9316643546,26,13,334,185.367,9
1899,9316683817,0,0,0,0.000,0
1900,9316683817,0,0,0,0.000,0
1901,9316683881,26,13,334,186.325,9
1902,9316724140,0,0,0,0.000,0
1903,9316724140,0,0,0,0.000,0
1904,9316724207,26,13,334,171.310,9
1905,9316764463,0,0,0,0.000,0
1906,9316764463,0,0,0,0.000,0
1907,9316764523,27,13,334,184.480,9
1908,9316804806,0,0,0,0.000,0
1909,9316804806,0,0,0,0.000,0
1910,9316804868,26,13,334,171.833,9
1911,9316827841,0,0,0,0.000,0
1912,9316827841,0,0,0,0.000,0
1913,9316827887,26,13,334,147.014,9
1914,9316853962,0,0,0,0.000,0
1915,9316853962,0,0,0,0.000,0
1916,9316854051,26,13,334,168.448,9
1917,9316884218,0,0,0,0.000,0
1918,9316884218,0,0,0,0.000,0
1919,9316884283,26,13,334,154.077,9
1920,9316916222,0,0,0,0.000,0
1921,9316916222,0,0,0,0.000,0
1922,9316916272,26,13,334,157.592,9
1923,9316952833,0,0,0,0.000,0
1924,9316952833,0,0,0,0.000,0
1925,9316952883,27,13,334,176.790,9
1926,9316994424,0,0,0,0.000,0
1927,9316994424,0,0,0,0.000,0
1928,9316994473,26,13,334,171.871,9
1929,9317034666,0,0,0,0.000,0
1930,9317034666,0,0,0,0.000,0
1931,9317034712,26,13,334,174.024,9
1932,9317056957,0,0,0,0.000,0
1933,9317056957,0,0,0,0.000,0
1934,9317057043,26,13,333,206.578,9
1935,9317097211,0,0,0,0.000,0
1936,9317097211,0,0,0,0.000,0
1937,9317097312,26,13,334,241.958,9
1938,9317137540,0,0,0,0.000,0
1939,9317137540,0,0,0,0.000,0
1940,9317137592,26,13,334,200.925,9
1941,9317177770,0,0,0,0.000,0
1942,9317177770,0,0,0,0.000,0
1943,9317177816,26,13,334,246.267,9
1944,9317218090,0,0,0,0.000,0
1945,9317218090,0,0,1,0.005,0
1946,9317218790,26,13,332,269.548,9
1947,9317261834,0,0,0,0.000,0
1948,9317261834,0,0,0,0.000,0
1949,9317261895,26,13,334,206.325,9
1950,9317302120,0,0,0,0.000,0
1951,9317302120,0,0,0,0.000,0
1952,9317302188,26,13,334,233.170,9
1953,9317342397,0,0,0,0.000,0
1954,9317342397,0,0,0,0.000,0
1955,9317342461,26,13,334,254.652,9
1956,9317382690,0,0,0,0.000,0
1957,9317382690,0,0,0,0.000,0
1958,9317382741,26,13,334,214.186,9
1959,9317423041,0,0,0,0.000,0
1960,9317423041,0,0,0,0.000,0
1961,9317423069,26,13,334,217.987,9
1962,9317463401,0,0,0,0.000,0
1963,9317463401,0,0,0,0.000,0
1964,9317463477,26,13,334,222.152,9
1965,9317503733,0,0,0,0.000,0
1966,9317503733,0,0,0,0.000,0
1967,9317503765,26,13,334,195.551,9
1968,9317544097,0,0,0,0.000,0
1969,9317544097,0,0,0,0.000,0
1970,9317544139,26,13,334,274.399,9
1971,9317584347,0,0,0,0.000,0
1972,9317584347,0,0,0,0.000,0
1973,9317584413,26,13,334,218.082,9
1974,9317624754,0,0,0,0.000,0
1975,9317624754,0,0,0,0.000,0
1976,9317624817,26,13,334,220.125,9
1977,9317665054,0,0,0,0.000,0
1978,9317665054,0,0,0,0.000,0
1979,9317665099,26,13,334,192.417,9
1980,9317705418,0,0,0,0.000,0
1981,9317705418,0,0,0,0.000,0
1982,9317705464,26,13,333,195.754,9
1983,9317745854,0,0,0,0.000,0
1984,9317745854,0,0,0,0.000,0
1985,9317745912,27,13,334,215.097,9
1986,9317787080,0,0,0,0.000,0
1987,9317787080,0,0,0,0.000,0
1988,9317787161,26,13,334,218.495,76
1989,9317829526,0,0,0,0.000,0
1990,9317829526,0,0,1,0.014,0
1991,9317837461,26,13,333,212.512,9
1992,9317870337,0,0,0,0.000,0
1993,9317870337,0,0,0,0.000,0
1994,9317870393,26,13,334,192.021,9
1995,9317911559,0,0,0,0.000,0
1996,9317911559,0,0,0,0.000,0
1997,9317911624,26,13,334,165.228,9
1998,9317933671,0,0,0,0.000,0
1999,9317933671,0,0,0,0.000,0
2000,9317933707,27,13,334,162.413,9
2001,9317956657,0,0,0,0.000,0
2002,9317956657,0,0,0,0.000,0
2003,9317956695,26,13,334,176.903,9
2004,9317997250,0,0,0,0.000,0
2005,9317997250,0,0,0,0.000,0
2006,9317997308,26,13,334,217.310,9
2007,9318037533,0,0,0,0.000,0
2008,9318037533,0,0,0,0.000,0
2009,9318037579,26,13,333,169.410,9
2010,9318060069,0,0,0,0.000,0
2011,9318060069,0,0,0,0.000,0
2012,9318060118,26,13,326,202.460,9
2013,9318091851,0,0,0,0.000,0
2014,9318091851,0,0,0,0.000,0
2015,9318091887,26,13,334,187.198,9
2016,9318123121,0,0,0,0.000,0
2017,9318123121,0,0,0,0.000,0
2018,9318123164,26,13,334,190.537,9
2019,9318154088,0,0,0,0.000,0
2020,9318154088,0,0,0,0.000,0
2021,9318154138,26,13,334,140.617,9
2022,9318192018,0,0,0,0.000,0
2023,9318192018,0,0,1,0.007,0
2024,9318192898,26,13,333,189.280,9
2025,9318234293,0,0,0,0.000,0
2026,9318234293,0,0,0,0.000,0
2027,9318234338,26,13,334,159.421,9
2028,9318272073,0,0,0,0.000,0
2029,9318272073,0,0,0,0.000,0
2030,9318272128,26,13,334,188.830,9
2031,9318313039,0,0,0,0.000,0
2032,9318313039,0,0,1,0.008,0
2033,9318313469,26,13,333,216.747,9
2034,9318352514,0,0,0,0.000,0
2035,9318352514,0,0,0,0.000,0
2036,9318352554,26,13,334,255.116,9
2037,9318392659,0,0,0,0.000,0
2038,9318392659,0,0,0,0.000,0
2039,9318392709,26,13,333,188.117,9
2040,9318432415,0,0,0,0.000,0
2041,9318432415,0,0,0,0.000,0
2042,9318432467,26,13,334,204.283,9
2043,9318473299,0,0,0,0.000,0
2044,9318473299,0,0,1,0.007,0
2045,9318474056,26,13,333,214.448,9
2046,9318518908,0,0,0,0.000,0
2047,9318518908,0,0,1,0.008,0
2048,9318519091,26,13,333,165.629,9
2049,9318553305,0,0,0,0.000,0
2050,9318553305,0,0,0,0.000,0
2051,9318553343,26,13,334,215.179,9
2052,9318592860,0,0,0,0.000,0
2053,9318592860,0,0,0,0.000,0
2054,9318592958,26,13,334,206.950,9
2055,9318632834,0,0,0,0.000,0
2056,9318632834,0,0,0,0.000,0
2057,9318632900,26,13,334,225.006,9
2058,9318672456,0,0,0,0.000,0
2059,9318672456,0,0,0,0.000,0
2060,9318672544,26,13,334,224.253,9
2061,9318712467,0,0,0,0.000,0
2062,9318712467,0,0,0,0.000,0
2063,9318712509,26,13,334,246.732,9
2064,9318752562,0,0,0,0.000,0
2065,9318752562,0,0,0,0.000,0
2066,9318752602,27,13,334,233.368,9
2067,9318792296,0,0,0,0.000,0
2068,9318792296,0,0,0,0.000,0
2069,9318792336,26,13,334,205.103,9
2070,9318832612,0,0,0,0.000,0
2071,9318832612,0,0,0,0.000,0
2072,9318832651,26,13,326,247.116,9
2073,9318872181,0,0,0,0.000,0
2074,9318872181,0,0,0,0.000,0
2075,9318872229,26,13,334,200.589,9
2076,9318912367,0,0,0,0.000,0
2077,9318912367,0,0,0,0.000,0
2078,9318912408,26,13,333,241.329,9
2079,9318952559,0,0,0,0.000,0
2080,9318952559,0,0,0,0.000,0
2081,9318952597,27,13,334,205.001,9
2082,9318992389,0,0,0,0.000,0
2083,9318992389,0,0,0,0.000,0
2084,9318992435,26,13,334,216.703,9
2085,9319032306,0,0,0,0.000,0
2086,9319032306,0,0,0,0.000,0
2087,9319032345,26,13,334,228.526,9
2088,9319072726,0,0,0,0.000,0
2089,9319072726,0,0,0,0.000,0
2090,9319072779,26,13,333,277.495,9
2091,9319112411,0,0,0,0.000,0
2092,9319112411,0,0,0,0.000,0
2093,9319112460,26,13,334,254.044,9
2094,9319152387,0,0,0,0.000,0
2095,9319152387,0,0,0,0.000,0
2096,9319152430,26,13,334,233.892,9
2097,9319192191,0,0,0,0.000,0
2098,9319192191,0,0,0,0.000,0
2099,9319192232,26,13,334,241.000,9
2100,9319232351,0,0,0,0.000,0
2101,9319232351,0,0,0,0.000,0
2102,9319232399,26,13,334,247.262,9
2103,9319272352,0,0,0,0.000,0
2104,9319272352,0,0,0,0.000,0
2105,9319272401,26,13,334,255.830,9
2106,9319312033,0,0,0,0.000,0
2107,9319312033,0,0,0,0.000,0
2108,9319312086,26,13,334,246.075,9
2109,9319351985,0,0,0,0.000,0
2110,9319351985,0,0,0,0.000,0
2111,9319352042,26,13,334,205.026,9
2112,9319391999,0,0,0,0.000,0
2113,9319391999,0,0,0,0.000,0
2114,9319392055,26,13,334,210.176,9
2115,9319431971,0,0,0,0.000,0
2116,9319431971,0,0,0,0.000,0
2117,9319432023,26,13,334,213.328,9
2118,9319471620,0,0,0,0.000,0
2119,9319471620,0,0,0,0.000,0
2120,9319471670,26,13,334,203.933,9
2121,9319511280,0,0,0,0.000,0
2122,9319511280,0,0,0,0.000,0
2123,9319511326,26,13,334,175.718,9
2124,9319552270,0,0,0,0.000,0
2125,9319552270,0,0,0,0.000,0
2126,9319552323,26,13,334,236.340,9
2127,9319593226,0,0,0,0.000,0
2128,9319593226,0,0,0,0.000,0
2129,9319593279,26,13,334,225.059,9
2130,9319633589,0,0,0,0.000,0
2131,9319633589,0,0,0,0.000,0
2132,9319633640,26,13,334,194.979,9
2133,9319673680,0,0,0,0.000,0
2134,9319673680,0,0,0,0.000,0
2135,9319673729,26,13,334,271.791,9
2136,9319713033,0,0,0,0.000,0
2137,9319713033,0,0,0,0.000,0
2138,9319713086,26,13,333,200.578,9
2139,9319753412,0,0,0,0.000,0
2140,9319753412,0,0,0,0.000,0
2141,9319753455,27,13,334,257.039,9
2142,9319792298,0,0,0,0.000,0
2143,9319792298,0,0,0,0.000,0
2144,9319792337,26,13,334,189.143,9
2145,9319833382,0,0,0,0.000,0
2146,9319833382,0,0,0,0.000,0
2147,9319833439,26,13,334,200.674,9
2148,9319873041,0,0,0,0.000,0
2149,9319873041,0,0,0,0.000,0
2150,9319873080,26,13,334,194.219,9
2151,9319913389,0,0,0,0.000,0
2152,9319913389,0,0,0,0.000,0
2153,9319913437,26,13,334,188.785,9
2154,9319953729,0,0,0,0.000,0
2155,9319953729,0,0,0,0.000,0
2156,9319953772,27,13,334,238.639,9
2157,9319993897,0,0,0,0.000,0
2158,9319993897,0,0,0,0.000,0
2159,9319993939,26,13,334,199.345,9
2160,9320034018,0,0,0,0.000,0
2161,9320034018,0,0,0,0.000,0
2162,9320034067,26,13,334,239.143,9
2163,9320073009,0,0,0,0.000,0
2164,9320073009,0,0,0,0.000,0
2165,9320073084,26,13,334,195.870,9
2166,9320113650,0,0,0,0.000,0
2167,9320113650,0,0,0,0.000,0
2168,9320113695,26,13,334,186.304,9
2169,9320153325,0,0,0,0.000,0
2170,9320153325,0,0,0,0.000,0
2171,9320153373,26,13,334,186.602,9
2172,9320193438,0,0,0,0.000,0
2173,9320193438,0,0,0,0.000,0
2174,9320193496,26,13,334,204.456,9
2175,9320233291,0,0,0,0.000,0
2176,9320233291,0,0,0,0.000,0
2177,9320233343,26,13,334,179.187,9
2178,9320273048,0,0,0,0.000,0
2179,9320273048,0,0,0,0.000,0
2180,9320273118,26,13,334,195.003,9
2181,9320313217,0,0,0,0.000,0
2182,9320313217,0,0,0,0.000,0
2183,9320313269,26,13,334,179.910,9
2184,9320353475,0,0,0,0.000,0
2185,9320353475,0,0,0,0.000,0
2186,9320353539,26,13,334,232.958,75
2187,9320393254,0,0,0,0.000,0
2188,9320393254,0,0,1,0.007,0
2189,9320395197,26,13,333,200.106,9
2190,9320432625,0,0,0,0.000,0
2191,9320432625,0,0,0,0.000,0
2192,9320432685,26,13,334,215.381,9
2193,9320472846,0,0,0,0.000,0
2194,9320472846,0,0,0,0.000,0
2195,9320472901,26,13,334,192.930,9
2196,9320513098,0,0,0,0.000,0
2197,9320513098,0,0,0,0.000,0
2198,9320513154,26,13,334,185.936,9
2199,9320553276,0,0,0,0.000,0
2200,9320553276,0,0,0,0.000,0
2201,9320553326,26,13,334,226.903,9
2202,9320592134,0,0,0,0.000,0
2203,9320592134,0,0,0,0.000,0
2204,9320592180,26,13,334,187.551,9
2205,9320633392,0,0,0,0.000,0
2206,9320633392,0,0,0,0.000,0
2207,9320633440,26,13,334,225.097,9
2208,9320672932,0,0,0,0.000,0
2209,9320672932,0,0,0,0.000,0
2210,9320672987,26,13,334,220.508,9
2211,9320713297,0,0,0,0.000,0
2212,9320713297,0,0,0,0.000,0
2213,9320713338,26,13,334,213.442,9
2214,9320753672,0,0,0,0.000,0
2215,9320753672,0,0,0,0.000,0
2216,9320753711,27,13,334,192.609,9
2217,9320792867,0,0,0,0.000,0
2218,9320792867,0,0,0,0.000,0
2219,9320792928,26,13,334,188.635,9
2220,9320833637,0,0,0,0.000,0
2221,9320833637,0,0,0,0.000,0
2222,9320833689,26,13,326,239.693,9
2223,9320872144,0,0,0,0.000,0
2224,9320872144,0,0,0,0.000,0
2225,9320872215,26,13,334,218.067,9
2226,9320912825,0,0,0,0.000,0
2227,9320912825,0,0,0,0.000,0
2228,9320912872,26,13,334,254.486,9
2229,9320953371,0,0,0,0.000,0
2230,9320953371,0,0,0,0.000,0
2231,9320953428,27,13,334,189.075,9
2232,9320992847,0,0,0,0.000,0
2233,9320992847,0,0,0,0.000,0
2234,9320992894,26,13,334,194.120,9
2235,9321032809,0,0,0,0.000,0
2236,9321032809,0,0,1,0.007,0
2237,9321033050,26,13,333,203.240,9
2238,9321073569,0,0,0,0.000,0
2239,9321073569,0,0,0,0.000,0
2240,9321073619,26,13,334,208.793,9
2241,9321113701,0,0,0,0.000,0
2242,9321113701,0,0,1,0.006,0
2243,9321113903,26,13,333,225.888,9
2244,9321153695,0,0,0,0.000,0
2245,9321153695,0,0,1,0.006,0
2246,9321153946,26,13,333,194.400,9
2247,9321192773,0,0,0,0.000,0
2248,9321192773,0,0,0,0.000,0
2249,9321192812,26,13,334,201.917,9
2250,9321233157,0,0,0,0.000,0
2251,9321233157,0,0,0,0.000,0
2252,9321233254,26,13,334,210.895,9
2253,9321272475,0,0,0,0.000,0
2254,9321272475,0,0,0,0.000,0
2255,9321272517,26,13,334,240.094,9
2256,9321312426,0,0,0,0.000,0
2257,9321312426,0,0,0,0.000,0
2258,9321312474,26,13,334,273.354,9
2259,9321352399,0,0,0,0.000,0
2260,9321352399,0,0,0,0.000,0
2261,9321352451,26,13,334,200.807,9
2262,9321392540,0,0,0,0.000,0
2263,9321392540,0,0,0,0.000,0
2264,9321392578,26,13,334,242.828,9
2265,9321432825,0,0,0,0.000,0
2266,9321432825,0,0,0,0.000,0
2267,9321432872,26,13,334,236.288,9
2268,9321472356,0,0,0,0.000,0
2269,9321472356,0,0,0,0.000,0
2270,9321472398,26,13,334,227.070,9
2271,9321512359,0,0,0,0.000,0
2272,9321512359,0,0,0,0.000,0
2273,9321512402,26,13,334,204.494,9
2274,9321552839,0,0,0,0.000,0
2275,9321552839,0,0,0,0.000,0
2276,9321552882,26,13,334,269.403,9
2277,9321591821,0,0,0,0.000,0
2278,9321591821,0,0,0,0.000,0
2279,9321591862,26,13,334,247.501,9
2280,9321631975,0,0,0,0.000,0
2281,9321631975,0,0,0,0.000,0
2282,9321632033,26,13,334,248.649,9
2283,9321672127,0,0,0,0.000,0
2284,9321672127,0,0,0,0.000,0
2285,9321672170,26,13,334,219.662,9
2286,9321712102,0,0,0,0.000,0
2287,9321712102,0,0,0,0.000,0
2288,9321712142,26,13,334,316.470,9
2289,9321752670,0,0,0,0.000,0
2290,9321752670,0,0,0,0.000,0
2291,9321752711,27,13,334,224.306,9
2292,9321792242,0,0,0,0.000,0
2293,9321792242,0,0,0,0.000,0
2294,9321792283,26,13,334,233.692,9
2295,9321833502,0,0,0,0.000,0
2296,9321833502,0,0,0,0.000,0
2297,9321833559,26,13,334,197.083,9
2298,9321856540,0,0,0,0.000,0
2299,9321856540,0,0,0,0.000,0
2300,9321856560,26,13,334,340.624,9
2301,9321896851,0,0,0,0.000,0
2302,9321896851,0,0,0,0.000,0
2303,9321896873,26,13,334,208.520,9
2304,9321937884,0,0,0,0.000,0
2305,9321937884,0,0,0,0.000,0
2306,9321937905,27,13,333,228.119,9
2307,9321978525,0,0,0,0.000,0
2308,9321978525,0,0,0,0.000,0
2309,9321978543,26,13,334,312.211,9
2310,9322021006,0,0,0,0.000,0
2311,9322021006,0,0,0,0.000,0
2312,9322021046,26,13,334,190.620,9
2313,9322061286,0,0,0,0.000,0
2314,9322061286,0,0,0,0.000,0
2315,9322061311,26,13,334,222.988,9
2316,9322101724,0,0,0,0.000,0
2317,9322101724,0,0,0,0.000,0
2318,9322101763,26,13,334,195.516,9
2319,9322142546,0,0,0,0.000,0
2320,9322142546,0,0,0,0.000,0
2321,9322142582,26,13,334,197.646,9
2322,9322182792,0,0,0,0.000,0
2323,9322182792,0,0,0,0.000,0
2324,9322182824,26,13,334,237.126,9
2325,9322222931,0,0,0,0.000,0
2326,9322222931,0,0,0,0.000,0
2327,9322222963,26,13,334,220.366,9
2328,9322263299,0,0,0,0.000,0
2329,9322263299,0,0,0,0.000,0
2330,9322263339,26,13,334,264.251,9
2331,9322304223,0,0,0,0.000,0
2332,9322304223,0,0,0,0.000,0
2333,9322304289,26,13,333,221.391,9
2334,9322344541,0,0,0,0.000,0
2335,9322344541,0,0,0,0.000,0
2336,9322344569,26,13,334,205.863,9
2337,9322385269,0,0,0,0.000,0
2338,9322385269,0,0,0,0.000,0
2339,9322385370,26,13,334,205.278,9
2340,9322425598,0,0,0,0.000,0
2341,9322425598,0,0,0,0.000,0
2342,9322425694,26,13,334,188.632,9
2343,9322465849,0,0,0,0.000,0
2344,9322465849,0,0,0,0.000,0
2345,9322465921,26,13,334,255.852,9
2346,9322506151,0,0,0,0.000,0
2347,9322506151,0,0,0,0.000,0
2348,9322506225,26,13,334,218.577,9
2349,9322546516,0,0,0,0.000,0
2350,9322546516,0,0,0,0.000,0
2351,9322546580,26,13,334,196.656,9
2352,9322586809,0,0,0,0.000,0
2353,9322586809,0,0,0,0.000,0
2354,9322586853,26,13,334,248.705,9
2355,9322627211,0,0,0,0.000,0
2356,9322627211,0,0,0,0.000,0
2357,9322627255,26,13,334,214.573,9
2358,9322667513,0,0,0,0.000,0
2359,9322667513,0,0,0,0.000,0
2360,9322667554,26,13,334,195.783,9
2361,9322707810,0,0,0,0.000,0
2362,9322707810,0,0,0,0.000,0
2363,9322707852,26,13,334,238.785,9
2364,9322748122,0,0,0,0.000,0
2365,9322748122,0,0,0,0.000,0
2366,9322748146,27,13,334,227.535,9
2367,9322788630,0,0,0,0.000,0
2368,9322788630,0,0,0,0.000,0
2369,9322788714,26,13,334,276.310,9
2370,9322828928,0,0,0,0.000,0
2371,9322828928,0,0,0,0.000,0
2372,9322829013,26,13,326,239.270,9
2373,9322869174,0,0,0,0.000,0
2374,9322869174,0,0,0,0.000,0
2375,9322869353,26,13,334,234.827,9
2376,9322909299,0,0,0,0.000,0
2377,9322909299,0,0,0,0.000,0
2378,9322909390,26,13,333,196.621,9
2379,9322951259,0,0,0,0.000,0
2380,9322951259,0,0,0,0.000,0
2381,9322951369,27,13,334,199.214,74
2382,9322990711,0,0,0,0.000,0
2383,9322990711,0,0,1,0.016,0
2384,9322999136,26,13,333,188.465,9
2385,9323030666,0,0,0,0.000,0
2386,9323030666,0,0,0,0.000,0
2387,9323030711,26,13,334,202.037,9
2388,9323071091,0,0,0,0.000,0
2389,9323071091,0,0,0,0.000,0
2390,9323071157,26,13,334,262.001,9
2391,9323111471,0,0,0,0.000,0
2392,9323111471,0,0,0,0.000,0
2393,9323111518,26,13,334,198.356,9
2394,9323151578,0,0,0,0.000,0
2395,9323151578,0,0,0,0.000,0
2396,9323151613,26,13,334,216.124,9
2397,9323191961,0,0,0,0.000,0
2398,9323191961,0,0,0,0.000,0
2399,9323192017,26,13,334,249.687,9
2400,9323232376,0,0,0,0.000,0
2401,9323232376,0,0,0,0.000,0
2402,9323232415,26,13,334,216.975,9
2403,9323272697,0,0,0,0.000,0
2404,9323272697,0,0,0,0.000,0
2405,9323272734,26,13,334,223.784,9
2406,9323313065,0,0,0,0.000,0
2407,9323313065,0,0,0,0.000,0
2408,9323313103,26,13,333,190.371,9
2409,9323353365,0,0,0,0.000,0
2410,9323353365,0,0,0,0.000,0
2411,9323353401,26,13,334,276.910,9
2412,9323393749,0,0,0,0.000,0
2413,9323393749,0,0,0,0.000,0
2414,9323393788,26,13,334,201.971,9
2415,9323434140,0,0,0,0.000,0
2416,9323434140,0,0,0,0.000,0
2417,9323434183,26,13,334,210.669,9
2418,9323474557,0,0,0,0.000,0
2419,9323474557,0,0,0,0.000,0
2420,9323474600,26,13,334,229.330,9
2421,9323514998,0,0,0,0.000,0
2422,9323514998,0,0,0,0.000,0
2423,9323515048,26,13,334,249.008,9
2424,9323555352,0,0,0,0.000,0
2425,9323555352,0,0,0,0.000,0
2426,9323555416,26,13,334,232.712,9
2427,9323595754,0,0,0,0.000,0
2428,9323595754,0,0,0,0.000,0
2429,9323595836,26,13,334,267.738,9
2430,9323635889,0,0,0,0.000,0
2431,9323635889,0,0,0,0.000,0
2432,9323635956,26,13,334,239.692,9
2433,9323676048,0,0,0,0.000,0
2434,9323676048,0,0,0,0.000,0
2435,9323676114,26,13,334,223.445,9
2436,9323716213,0,0,0,0.000,0
2437,9323716213,0,0,0,0.000,0
2438,9323716290,26,13,334,274.797,9
2439,9323756588,0,0,0,0.000,0
2440,9323756588,0,0,0,0.000,0
2441,9323756658,27,13,334,209.188,9
2442,9323796979,0,0,0,0.000,0
2443,9323796979,0,0,0,0.000,0
2444,9323797057,11,10,334,241.644,4
2445,9323837223,0,0,0,0.000,0
2446,9323837223,0,0,0,0.000,0
2447,9323837290,26,13,333,224.293,9
2448,9323877645,0,0,0,0.000,0
2449,9323877645,0,0,0,0.000,0
2450,9323877718,26,13,334,256.308,9
2451,9323917868,0,0,0,0.000,0
2452,9323917868,0,0,0,0.000,0
2453,9323917938,26,13,334,235.529,9
2454,9323958020,0,0,0,0.000,0
2455,9323958020,0,0,0,0.000,0
2456,9323958094,27,13,334,260.552,9
2457,9323998393,0,0,0,0.000,0
2458,9323998393,0,0,0,0.000,0
2459,9323998466,26,13,334,242.686,9
2460,9324038614,0,0,0,0.000,0
2461,9324038614,0,0,0,0.000,0
2462,9324038688,26,13,334,203.882,9
2463,9324078954,0,0,0,0.000,0
2464,9324078954,0,0,0,0.000,0
2465,9324079026,26,13,334,253.456,9
2466,9324119247,0,0,0,0.000,0
2467,9324119247,0,0,0,0.000,0
2468,9324119311,26,13,334,236.124,9
2469,9324159497,0,0,0,0.000,0
2470,9324159497,0,0,0,0.000,0
2471,9324159562,26,13,334,252.366,9
2472,9324199767,0,0,0,0.000,0
2473,9324199767,0,0,0,0.000,0
2474,9324199833,26,13,334,246.107,9
2475,9324239973,0,0,0,0.000,0
2476,9324239973,0,0,0,0.000,0
2477,9324240056,26,13,333,244.888,9
2478,9324280185,0,0,0,0.000,0
2479,9324280185,0,0,0,0.000,0
2480,9324280254,26,13,334,273.316,9
2481,9324320485,0,0,0,0.000,0
2482,9324320485,0,0,0,0.000,0
2483,9324320551,26,13,326,238.744,9
2484,9324360722,0,0,0,0.000,0
2485,9324360722,0,0,1,0.005,0
2486,9324361094,26,13,333,210.105,9
2487,9324401025,0,0,0,0.000,0
2488,9324401025,0,0,0,0.000,0
2489,9324401063,26,13,334,208.845,9
2490,9324441434,0,0,0,0.000,0
2491,9324441434,0,0,0,0.000,0
2492,9324441480,26,13,334,266.303,9
2493,9324481643,0,0,0,0.000,0
2494,9324481643,0,0,0,0.000,0
2495,9324481684,26,13,334,227.227,9
2496,9324521948,0,0,0,0.000,0
2497,9324521948,0,0,0,0.000,0
2498,9324521983,26,13,334,235.447,9
2499,9324562182,0,0,0,0.000,0
2500,9324562182,0,0,0,0.000,0
2501,9324562223,26,13,334,258.459,9
2502,9324602397,0,0,0,0.000,0
2503,9324602397,0,0,0,0.000,0
2504,9324602440,26,13,334,207.544,9
2505,9324642520,0,0,0,0.000,0
2506,9324642520,0,0,0,0.000,0
2507,9324642568,26,13,334,229.345,9
2508,9324682810,0,0,0,0.000,0
2509,9324682810,0,0,0,0.000,0
2510,9324682857,26,13,334,246.802,9
2511,9324723072,0,0,0,0.000,0
2512,9324723072,0,0,0,0.000,0
2513,9324723117,26,13,334,252.500,9
2514,9324763325,0,0,0,0.000,0
2515,9324763325,0,0,0,0.000,0
2516,9324763400,27,13,334,227.568,9
2517,9324803424,0,0,0,0.000,0
2518,9324803424,0,0,0,0.000,0
2519,9324803464,26,13,334,215.338,9
2520,9324843724,0,0,0,0.000,0
2521,9324843724,0,0,0,0.000,0
2522,9324843765,26,13,334,198.307,9
2523,9324884061,0,0,0,0.000,0
2524,9324884061,0,0,0,0.000,0
2525,9324884100,26,13,334,233.714,9
2526,9324924294,0,0,0,0.000,0
2527,9324924294,0,0,0,0.000,0
2528,9324924360,27,13,334,271.900,9
2529,9324965040,0,0,0,0.000,0
2530,9324965040,0,0,0,0.000,0
2531,9324965121,26,13,334,237.592,9
2532,9325005472,0,0,0,0.000,0
2533,9325005472,0,0,0,0.000,0
2534,9325005523,26,13,334,244.299,9
2535,9325045690,0,0,0,0.000,0
2536,9325045690,0,0,0,0.000,0
2537,9325045740,26,13,334,267.165,9
2538,9325086025,0,0,0,0.000,0
2539,9325086025,0,0,0,0.000,0
2540,9325086070,26,13,334,249.258,9
2541,9325126276,0,0,0,0.000,0
2542,9325126276,0,0,0,0.000,0
2543,9325126323,26,13,334,223.983,9
2544,9325166542,0,0,0,0.000,0
2545,9325166542,0,0,0,0.000,0
2546,9325166589,26,13,334,175.066,9
2547,9325206753,0,0,0,0.000,0
2548,9325206753,0,0,0,0.000,0
2549,9325206806,26,13,334,235.274,9
2550,9325246942,0,0,0,0.000,0
2551,9325246942,0,0,0,0.000,0
2552,9325246991,26,13,334,234.032,9
2553,9325287371,0,0,0,0.000,0
2554,9325287371,0,0,0,0.000,0
2555,9325287428,26,13,334,221.842,9
2556,9325327627,0,0,0,0.000,0
2557,9325327627,0,0,0,0.000,0
2558,9325327670,26,13,326,215.277,9
2559,9325367811,0,0,0,0.000,0
2560,9325367811,0,0,0,0.000,0
2561,9325367857,26,13,334,230.097,9
2562,9325408107,0,0,0,0.000,0
2563,9325408107,0,0,0,0.000,0
2564,9325408147,26,13,333,172.411,9
2565,9325448459,0,0,0,0.000,0
2566,9325448459,0,0,0,0.000,0
2567,9325448505,26,13,334,242.967,9
2568,9325488928,0,0,0,0.000,0
2569,9325488928,0,0,0,0.000,0
2570,9325488977,26,13,333,222.667,71
2571,9325529759,0,0,0,0.000,0
2572,9325529759,0,0,0,0.000,0
2573,9325529783,26,13,334,211.333,9
2574,9325570377,0,0,0,0.000,0
2575,9325570377,0,0,0,0.000,0
2576,9325570414,26,13,333,200.682,9
2577,9325595944,0,0,0,0.000,0
2578,9325595944,0,0,0,0.000,0
2579,9325595987,26,13,334,166.401,9
2580,9325622796,0,0,0,0.000,0
2581,9325622796,0,0,1,0.006,0
2582,9325623068,26,13,332,223.612,9
2583,9325652484,0,0,0,0.000,0
2584,9325652484,0,0,0,0.000,0
2585,9325652528,26,13,334,198.369,9
2586,9325679483,0,0,0,0.000,0
2587,9325679483,0,0,0,0.000,0
2588,9325679547,26,13,334,154.397,9
2589,9325701630,0,0,0,0.000,0
2590,9325701630,0,0,0,0.000,0
2591,9325701666,26,13,334,226.618,9
2592,9325741985,0,0,0,0.000,0
2593,9325741985,0,0,0,0.000,0
2594,9325742017,27,13,334,222.655,9
2595,9325782239,0,0,0,0.000,0
2596,9325782239,0,0,0,0.000,0
2597,9325782282,26,13,334,276.099,9
2598,9325822472,0,0,0,0.000,0
2599,9325822472,0,0,0,0.000,0
2600,9325822511,26,13,334,266.920,9
2601,9325862723,0,0,0,0.000,0
2602,9325862723,0,0,0,0.000,0
2603,9325862777,26,13,334,257.415,9
2604,9325902980,0,0,0,0.000,0
2605,9325902980,0,0,0,0.000,0
2606,9325903035,26,13,334,248.307,9
2607,9325943289,0,0,0,0.000,0
2608,9325943289,0,0,0,0.000,0
2609,9325943342,27,13,334,262.170,9
2610,9325983873,0,0,0,0.000,0
2611,9325983873,0,0,0,0.000,0
2612,9325983928,26,13,334,218.552,9
2613,9326024254,0,0,0,0.000,0
2614,9326024254,0,0,0,0.000,0
2615,9326024306,26,13,334,249.173,9
2616,9326064504,0,0,0,0.000,0
2617,9326064504,0,0,0,0.000,0
2618,9326064557,26,13,334,235.667,9
2619,9326104690,0,0,0,0.000,0
2620,9326104690,0,0,0,0.000,0
2621,9326104755,26,13,333,213.779,9
2622,9326144983,0,0,0,0.000,0
2623,9326144983,0,0,0,0.000,0
2624,9326145062,26,13,334,182.852,9
2625,9326185240,0,0,0,0.000,0
2626,9326185240,0,0,0,0.000,0
2627,9326185289,26,13,334,198.984,9
2628,9326225590,0,0,0,0.000,0
2629,9326225590,0,0,1,0.005,0
2630,9326227141,26,13,333,210.898,9
2631,9326266298,0,0,0,0.000,0
2632,9326266298,0,0,0,0.000,0
2633,9326266384,26,13,334,203.963,9
2634,9326306487,0,0,0,0.000,0
2635,9326306487,0,0,0,0.000,0
2636,9326306532,26,13,334,218.928,9
2637,9326346958,0,0,0,0.000,0
2638,9326346958,0,0,1,0.006,0
2639,9326349153,26,13,333,243.722,9
2640,9326387316,0,0,0,0.000,0
2641,9326387316,0,0,0,0.000,0
2642,9326387398,26,13,334,178.401,9
2643,9326427507,0,0,0,0.000,0
2644,9326427507,0,0,0,0.000,0
2645,9326427578,26,13,334,194.336,9
2646,9326467699,0,0,0,0.000,0
2647,9326467699,0,0,0,0.000,0
2648,9326467780,26,13,333,179.829,9
2649,9326508207,0,0,0,0.000,0
2650,9326508207,0,0,0,0.000,0
2651,9326508332,26,13,334,203.365,9
2652,9326548986,0,0,0,0.000,0
2653,9326548986,0,0,0,0.000,0
2654,9326549188,26,13,334,207.331,9
2655,9326589124,0,0,0,0.000,0
2656,9326589124,0,0,0,0.000,0
2657,9326589267,26,13,334,200.031,9
2658,9326630201,0,0,0,0.000,0
2659,9326630201,0,0,1,0.020,0
2660,9326631171,26,13,333,219.763,9
2661,9326670575,0,0,0,0.000,0
2662,9326670575,0,0,0,0.000,0
2663,9326670713,26,13,334,203.604,9
2664,9326710625,0,0,0,0.000,0
2665,9326710625,0,0,0,0.000,0
2666,9326710741,26,13,334,242.000,9
2667,9326751174,0,0,0,0.000,0
2668,9326751174,0,0,1,0.012,0
2669,9326752403,27,13,333,216.107,9
2670,9326791719,0,0,0,0.000,0
2671,9326791719,0,0,0,0.000,0
2672,9326791830,26,13,334,217.789,9
2673,9326833344,0,0,0,0.000,0
2674,9326833344,0,0,0,0.000,0
2675,9326833412,26,13,326,211.958,9
2676,9326873823,0,0,0,0.000,0
2677,9326873823,0,0,0,0.000,0
2678,9326873899,26,13,334,242.589,9
2679,9326914224,0,0,0,0.000,0
2680,9326914224,0,0,0,0.000,0
2681,9326914297,26,13,333,213.229,9
2682,9326954474,0,0,0,0.000,0
2683,9326954474,0,0,0,0.000,0
2684,9326954544,27,13,334,254.967,9
2685,9326996858,0,0,0,0.000,0
2686,9326996858,0,0,0,0.000,0
2687,9326996939,26,13,334,219.361,9
2688,9327037197,0,0,0,0.000,0
2689,9327037197,0,0,1,0.006,0
2690,9327038105,26,13,333,200.991,9
2691,9327077452,0,0,0,0.000,0
2692,9327077452,0,0,1,0.006,0
2693,9327078040,26,13,333,181.856,9
2694,9327117637,0,0,0,0.000,0
2695,9327117637,0,0,0,0.000,0
2696,9327117724,26,13,334,188.584,9
2697,9327157935,0,0,0,0.000,0
2698,9327157935,0,0,0,0.000,0
2699,9327157981,26,13,334,163.904,9
2700,9327198231,0,0,0,0.000,0
2701,9327198231,0,0,0,0.000,0
2702,9327198294,26,13,334,200.960,9
2703,9327238512,0,0,0,0.000,0
2704,9327238512,0,0,1,0.005,0
2705,9327238703,26,13,333,199.955,9
2706,9327281255,0,0,0,0.000,0
2707,9327281255,0,0,0,0.000,0
2708,9327281318,26,13,334,194.273,9
2709,9327319351,0,0,0,0.000,0
2710,9327319351,0,0,0,0.000,0
2711,9327319402,26,13,326,190.631,9
2712,9327359672,0,0,0,0.000,0
2713,9327359672,0,0,0,0.000,0
2714,9327359715,26,13,334,204.303,9
2715,9327400023,0,0,0,0.000,0
2716,9327400023,0,0,0,0.000,0
2717,9327400071,26,13,334,199.997,9
2718,9327440203,0,0,0,0.000,0
2719,9327440203,0,0,0,0.000,0
2720,9327440251,26,13,334,181.485,9
2721,9327480444,0,0,0,0.000,0
2722,9327480444,0,0,0,0.000,0
2723,9327480489,26,13,334,202.132,9
2724,9327520845,0,0,0,0.000,0
2725,9327520845,0,0,0,0.000,0
2726,9327520889,26,13,334,193.914,9
2727,9327561089,0,0,0,0.000,0
2728,9327561089,0,0,0,0.000,0
2729,9327561139,26,13,334,185.430,9
2730,9327603609,0,0,0,0.000,0
2731,9327603609,0,0,0,0.000,0
2732,9327603670,26,13,334,203.151,9
2733,9327645380,0,0,0,0.000,0
2734,9327645380,0,0,0,0.000,0
2735,9327645558,26,13,334,232.271,9
2736,9327685670,0,0,0,0.000,0
2737,9327685670,0,0,0,0.000,0
2738,9327685771,26,13,334,170.065,9
2739,9327725942,0,0,0,0.000,0
2740,9327725942,0,0,0,0.000,0
2741,9327726067,26,13,334,191.655,9
2742,9327768309,0,0,0,0.000,0
2743,9327768309,0,0,1,0.010,0
2744,9327773575,27,13,333,170.904,9
2745,9327806430,0,0,0,0.000,0
2746,9327806430,0,0,0,0.000,0
2747,9327806538,11,10,334,228.956,4
2748,9327848359,0,0,0,0.000,0
2749,9327848359,0,0,0,0.000,0
2750,9327848458,26,13,334,171.941,9
2751,9327889204,0,0,0,0.000,0
2752,9327889204,0,0,1,0.011,0
2753,9327895222,26,13,333,162.152,9
2754,9327929200,0,0,0,0.000,0
2755,9327929200,0,0,0,0.000,0
2756,9327929303,27,13,334,153.573,9
2757,9327973127,0,0,0,0.000,0
2758,9327973127,0,0,0,0.000,0
2759,9327973230,26,13,334,165.782,9
2760,9328013493,0,0,0,0.000,0
2761,9328013493,0,0,1,0.006,0
2762,9328014486,26,13,333,162.332,9
2763,9328052825,0,0,0,0.000,0
2764,9328052825,0,0,1,0.008,0
2765,9328053086,26,13,333,170.246,73
2766,9328093147,0,0,0,0.000,0
2767,9328093147,0,0,1,0.006,0
2768,9328094029,26,13,333,177.183,9
2769,9328133597,0,0,0,0.000,0
2770,9328133597,0,0,0,0.000,0
2771,9328133643,26,13,334,167.526,9
2772,9328176272,0,0,0,0.000,0
2773,9328176272,0,0,0,0.000,0
2774,9328176316,26,13,334,165.018,9
2775,9328215365,0,0,0,0.000,0
2776,9328215365,0,0,1,0.008,0
2777,9328218043,26,13,333,210.809,9
2778,9328258217,0,0,0,0.000,0
2779,9328258217,0,0,0,0.000,0
2780,9328258314,26,13,334,196.139,9
2781,9328297805,0,0,0,0.000,0
2782,9328297805,0,0,1,0.007,0
2783,9328298793,26,13,333,192.616,9
2784,9328340285,0,0,0,0.000,0
2785,9328340285,0,0,0,0.000,0
2786,9328340320,26,13,334,179.592,9
2787,9328380689,0,0,0,0.000,0
2788,9328380689,0,0,0,0.000,0
2789,9328380736,26,13,334,158.016,9
2790,9328421063,0,0,0,0.000,0
2791,9328421063,0,0,0,0.000,0
2792,9328421113,26,13,334,189.280,9
2793,9328462780,0,0,0,0.000,0
2794,9328462780,0,0,0,0.000,0
2795,9328462823,26,13,334,212.423,9
2796,9328505407,0,0,0,0.000,0
2797,9328505407,0,0,0,0.000,0
2798,9328505456,26,13,334,221.633,9
2799,9328545914,0,0,0,0.000,0
2800,9328545914,0,0,0,0.000,0
2801,9328545972,26,13,334,148.989,9
2802,9328586172,0,0,0,0.000,0
2803,9328586172,0,0,0,0.000,0
2804,9328586226,26,13,334,180.281,9
2805,9328626702,0,0,0,0.000,0
2806,9328626702,0,0,0,0.000,0
2807,9328626770,26,13,334,167.252,9
2808,9328667011,0,0,0,0.000,0
2809,9328667011,0,0,0,0.000,0
2810,9328667072,26,13,334,183.840,9
2811,9328707337,0,0,0,0.000,0
2812,9328707337,0,0,0,0.000,0
2813,9328707435,26,13,334,157.487,9
2814,9328748021,0,0,0,0.000,0
2815,9328748021,0,0,0,0.000,0
2816,9328748119,27,13,334,204.086,9
2817,9328789605,0,0,0,0.000,0
2818,9328789605,0,0,1,0.010,0
2819,9328789805,26,13,288,108.324,9
2820,9328831322,0,0,0,0.000,0
2821,9328831322,0,0,1,0.013,0
2822,9328831635,26,13,325,187.352,9
2823,9328872447,0,0,0,0.000,0
2824,9328872447,0,0,1,0.009,0
2825,9328873610,26,13,333,178.965,9
2826,9328913392,0,0,0,0.000,0
2827,9328913392,0,0,0,0.000,0
2828,9328913507,26,13,334,182.254,9
2829,9328954563,0,0,0,0.000,0
2830,9328954563,0,0,0,0.000,0
2831,9328954674,27,13,334,171.879,9
2832,9328976428,0,0,0,0.000,0
2833,9328976428,0,0,0,0.000,0
2834,9328976468,26,13,334,202.646,9
2835,9329016719,0,0,0,0.000,0
2836,9329016719,0,0,0,0.000,0
2837,9329016738,26,13,334,183.281,9
2838,9329043093,0,0,0,0.000,0
2839,9329043093,0,0,0,0.000,0
2840,9329043185,26,13,334,171.295,9
2841,9329083417,0,0,0,0.000,0
2842,9329083417,0,0,0,0.000,0
2843,9329083505,26,13,334,133.738,9
2844,9329112677,0,0,0,0.000,0
2845,9329112677,0,0,0,0.000,0
2846,9329112790,26,13,334,231.810,9
2847,9329138375,0,0,0,0.000,0
2848,9329138375,0,0,0,0.000,0
2849,9329138400,26,13,334,194.497,9
2850,9329166057,0,0,0,0.000,0
2851,9329166057,0,0,0,0.000,0
2852,9329166134,26,13,334,174.355,9
2853,9329188142,0,0,0,0.000,0
2854,9329188142,0,0,0,0.000,0
2855,9329188198,26,13,334,193.372,9
2856,9329229240,0,0,0,0.000,0
2857,9329229240,0,0,0,0.000,0
2858,9329229355,26,13,334,218.903,9
2859,9329270606,0,0,0,0.000,0
2860,9329270606,0,0,0,0.000,0
2861,9329270745,26,13,333,205.381,9
2862,9329310734,0,0,0,0.000,0
2863,9329310734,0,0,0,0.000,0
2864,9329310949,26,13,334,191.786,9
2865,9329352233,0,0,0,0.000,0
2866,9329352233,0,0,0,0.000,0
2867,9329352318,26,13,334,190.083,9
2868,9329392506,0,0,0,0.000,0
2869,9329392506,0,0,0,0.000,0
2870,9329392575,26,13,334,176.225,9
2871,9329432971,0,0,0,0.000,0
2872,9329432971,0,0,0,0.000,0
2873,9329433061,26,13,334,173.071,9
2874,9329473606,0,0,0,0.000,0
2875,9329473606,0,0,0,0.000,0
2876,9329473699,26,13,334,169.787,9
2877,9329516905,0,0,0,0.000,0
2878,9329516905,0,0,0,0.000,0
2879,9329517026,26,13,329,218.662,9
2880,9329557336,0,0,0,0.000,0
2881,9329557336,0,0,0,0.000,0
2882,9329557382,26,13,333,168.046,9
2883,9329597767,0,0,0,0.000,0
2884,9329597767,0,0,0,0.000,0
2885,9329597850,26,13,334,176.113,9
2886,9329619629,0,0,0,0.000,0
2887,9329619629,0,0,0,0.000,0
2888,9329619682,26,13,334,198.479,9
2889,9329650255,0,0,0,0.000,0
2890,9329650255,0,0,1,0.010,0
2891,9329650880,26,13,333,208.120,9
2892,9329680023,0,0,0,0.000,0
2893,9329680023,0,0,0,0.000,0
2894,9329680082,26,13,333,172.475,9
2895,9329703382,0,0,0,0.000,0
2896,9329703382,0,0,0,0.000,0
2897,9329703583,26,13,334,167.242,9
2898,9329743646,0,0,0,0.000,0
2899,9329743646,0,0,0,0.000,0
2900,9329743694,27,13,334,213.947,9
2901,9329783957,0,0,0,0.000,0
2902,9329783957,0,0,0,0.000,0
2903,9329784026,26,13,334,220.594,9
2904,9329824216,0,0,0,0.000,0
2905,9329824216,0,0,0,0.000,0
2906,9329824283,26,13,334,190.849,9
2907,9329864546,0,0,0,0.000,0
2908,9329864546,0,0,0,0.000,0
2909,9329864665,26,13,334,188.742,9
2910,9329904898,0,0,0,0.000,0
2911,9329904898,0,0,0,0.000,0
2912,9329904975,26,13,334,175.798,9
2913,9329945276,0,0,0,0.000,0
2914,9329945276,0,0,1,0.006,0
2915,9329946250,27,13,333,188.046,9
2916,9329985640,0,0,0,0.000,0
2917,9329985640,0,0,0,0.000,0
2918,9329985724,26,13,334,206.158,9
2919,9330025857,0,0,0,0.000,0
2920,9330025857,0,0,0,0.000,0
2921,9330025914,26,13,334,179.719,9
2922,9330066266,0,0,0,0.000,0
2923,9330066266,0,0,0,0.000,0
2924,9330066317,26,13,334,170.315,9
2925,9330106614,0,0,0,0.000,0
2926,9330106614,0,0,0,0.000,0
2927,9330106636,26,13,334,186.729,9
2928,9330148116,0,0,0,0.000,0
2929,9330148116,0,0,1,0.006,0
2930,9330150116,26,13,333,192.290,9
2931,9330187373,0,0,0,0.000,0
2932,9330187373,0,0,1,0.009,0
2933,9330188573,26,13,333,208.213,9
2934,9330227720,0,0,0,0.000,0
2935,9330227720,0,0,0,0.000,0
2936,9330227836,26,13,334,186.737,9
2937,9330267981,0,0,0,0.000,0
2938,9330267981,0,0,0,0.000,0
2939,9330268099,26,13,334,191.390,9
2940,9330308750,0,0,0,0.000,0
2941,9330308750,0,0,0,0.000,0
2942,9330308931,26,13,334,159.495,9
2943,9330348858,0,0,0,0.000,0
2944,9330348858,0,0,0,0.000,0
2945,9330348958,26,13,334,175.550,9
2946,9330389379,0,0,0,0.000,0
2947,9330389379,0,0,0,0.000,0
2948,9330389478,26,13,334,228.870,9
2949,9330429798,0,0,0,0.000,0
2950,9330429798,0,0,0,0.000,0
2951,9330429943,26,13,334,164.033,9
2952,9330470470,0,0,0,0.000,0
2953,9330470470,0,0,0,0.000,0
2954,9330470567,26,13,334,163.862,9
2955,9330510963,0,0,0,0.000,0
2956,9330510963,0,0,0,0.000,0
2957,9330511059,26,13,334,203.427,73
2958,9330551422,0,0,0,0.000,0
2959,9330551422,0,0,1,0.018,0
2960,9330553149,26,13,333,192.808,9
2961,9330591690,0,0,0,0.000,0
2962,9330591690,0,0,0,0.000,0
2963,9330591774,26,13,334,156.431,9
2964,9330633519,0,0,0,0.000,0
2965,9330633519,0,0,0,0.000,0
2966,9330633555,26,13,334,260.260,9
2967,9330672215,0,0,0,0.000,0
2968,9330672215,0,0,0,0.000,0
2969,9330672247,26,13,334,233.822,9
2970,9330712827,0,0,0,0.000,0
2971,9330712827,0,0,0,0.000,0
2972,9330712865,26,13,334,181.559,9
2973,9330753513,0,0,0,0.000,0
2974,9330753513,0,0,0,0.000,0
2975,9330753560,27,13,334,199.130,9
2976,9330793631,0,0,0,0.000,0
2977,9330793631,0,0,0,0.000,0
2978,9330793684,26,13,334,211.987,9
2979,9330834068,0,0,0,0.000,0
2980,9330834068,0,0,0,0.000,0
2981,9330834106,26,13,325,186.866,9
2982,9330874697,0,0,0,0.000,0
2983,9330874697,0,0,1,0.006,0
2984,9330875055,26,13,333,216.065,9
2985,9330914801,0,0,0,0.000,0
2986,9330914801,0,0,0,0.000,0
2987,9330914839,26,13,334,241.779,9
2988,9330955110,0,0,0,0.000,0
2989,9330955110,0,0,0,0.000,0
2990,9330955156,27,13,334,234.776,9
2991,9330995376,0,0,0,0.000,0
2992,9330995376,0,0,0,0.000,0
2993,9330995414,26,13,334,186.116,9
2994,9331035805,0,0,0,0.000,0
2995,9331035805,0,0,0,0.000,0
2996,9331035845,26,13,333,205.213,9
2997,9331076129,0,0,0,0.000,0
2998,9331076129,0,0,0,0.000,0
2999,9331076162,26,13,334,242.464,9
3000,9331116473,0,0,0,0.000,0
3001,9331116473,0,0,1,0.007,0
3002,9331116960,26,13,333,215.565,9
3003,9331156794,0,0,0,0.000,0
3004,9331156794,0,0,0,0.000,0
3005,9331156873,26,13,334,188.282,9
3006,9331197226,0,0,0,0.000,0
3007,9331197226,0,0,0,0.000,0
3008,9331197313,26,13,334,199.334,9
3009,9331237499,0,0,0,0.000,0
3010,9331237499,0,0,0,0.000,0
3011,9331237624,26,13,334,191.435,9
3012,9331277838,0,0,0,0.000,0
3013,9331277838,0,0,0,0.000,0
3014,9331277935,26,13,334,199.221,9
3015,9331318165,0,0,0,0.000,0
3016,9331318165,0,0,0,0.000,0
3017,9331318239,26,13,326,192.620,9
3018,9331358556,0,0,0,0.000,0
3019,9331358556,0,0,0,0.000,0
3020,9331358652,26,13,334,208.495,9
3021,9331398776,0,0,0,0.000,0
3022,9331398776,0,0,0,0.000,0
3023,9331398814,26,13,334,210.856,9
3024,9331439130,0,0,0,0.000,0
3025,9331439130,0,0,0,0.000,0
3026,9331439178,26,13,334,195.895,9
3027,9331479326,0,0,0,0.000,0
3028,9331479326,0,0,0,0.000,0
3029,9331479377,26,13,334,228.849,9
3030,9331519699,0,0,0,0.000,0
3031,9331519699,0,0,1,0.007,0
3032,9331520042,26,13,333,239.424,9
3033,9331559746,0,0,0,0.000,0
3034,9331559746,0,0,0,0.000,0
3035,9331559793,26,13,334,207.123,9
3036,9331600014,0,0,0,0.000,0
3037,9331600014,0,0,0,0.000,0
3038,9331600051,26,13,334,213.017,9
3039,9331640261,0,0,0,0.000,0
3040,9331640261,0,0,0,0.000,0
3041,9331640298,26,13,334,185.737,9
3042,9331680516,0,0,0,0.000,0
3043,9331680516,0,0,0,0.000,0
3044,9331680552,26,13,334,203.112,9
3045,9331720779,0,0,0,0.000,0
3046,9331720779,0,0,0,0.000,0
3047,9331720822,26,13,334,193.586,9
3048,9331760998,0,0,0,0.000,0
3049,9331760998,0,0,0,0.000,0
3050,9331761049,27,13,334,180.079,9
3051,9331801349,0,0,0,0.000,0
3052,9331801349,0,0,0,0.000,0
3053,9331801394,11,10,334,207.946,4
3054,9331841612,0,0,0,0.000,0
3055,9331841612,0,0,0,0.000,0
3056,9331841664,26,13,334,203.696,9
3057,9331881779,0,0,0,0.000,0
3058,9331881779,0,0,0,0.000,0
3059,9331881831,26,13,334,223.853,9
3060,9331921999,0,0,0,0.000,0
3061,9331921999,0,0,0,0.000,0
3062,9331922055,27,13,334,185.675,9
3063,9331962273,0,0,0,0.000,0
3064,9331962273,0,0,0,0.000,0
3065,9331962314,26,13,334,180.807,9
3066,9332002586,0,0,0,0.000,0
3067,9332002586,0,0,0,0.000,0
3068,9332002624,26,13,334,223.756,9
3069,9332042948,0,0,0,0.000,0
3070,9332042948,0,0,0,0.000,0
3071,9332042986,26,13,334,194.139,9
3072,9332083330,0,0,0,0.000,0
3073,9332083330,0,0,0,0.000,0
3074,9332083372,26,13,333,199.376,9
3075,9332123796,0,0,0,0.000,0
3076,9332123796,0,0,1,0.007,0
3077,9332124077,26,13,333,192.650,9
3078,9332164551,0,0,0,0.000,0
3079,9332164551,0,0,0,0.000,0
3080,9332164604,26,13,334,210.192,9
3081,9332204749,0,0,0,0.000,0
3082,9332204749,0,0,0,0.000,0
3083,9332204799,26,13,334,200.611,9
3084,9332245269,0,0,0,0.000,0
3085,9332245269,0,0,0,0.000,0
3086,9332245313,26,13,334,193.896,9
3087,9332285233,0,0,0,0.000,0
3088,9332285233,0,0,0,0.000,0
3089,9332285274,26,13,334,206.514,9
3090,9332325433,0,0,0,0.000,0
3091,9332325433,0,0,0,0.000,0
3092,9332325489,26,13,326,207.631,9
3093,9332365786,0,0,0,0.000,0
3094,9332365786,0,0,0,0.000,0
3095,9332365825,26,13,334,257.423,9
3096,9332406158,0,0,0,0.000,0
3097,9332406158,0,0,0,0.000,0
3098,9332406197,26,13,334,198.670,9
3099,9332446619,0,0,0,0.000,0
3100,9332446619,0,0,0,0.000,0
3101,9332446677,26,13,334,215.971,9
3102,9332486725,0,0,0,0.000,0
3103,9332486725,0,0,0,0.000,0
3104,9332486769,26,13,334,165.164,9
3105,9332527062,0,0,0,0.000,0
3106,9332527062,0,0,0,0.000,0
3107,9332527098,26,13,334,164.389,9
3108,9332567415,0,0,0,0.000,0
3109,9332567415,0,0,0,0.000,0
3110,9332567450,26,13,333,248.670,9
3111,9332607797,0,0,0,0.000,0
3112,9332607797,0,0,0,0.000,0
3113,9332607834,26,13,334,169.238,9
3114,9332648098,0,0,0,0.000,0
3115,9332648098,0,0,0,0.000,0
3116,9332648136,26,13,334,209.581,9
3117,9332688549,0,0,0,0.000,0
3118,9332688549,0,0,0,0.000,0
3119,9332688592,26,13,334,190.616,9
3120,9332729064,0,0,0,0.000,0
3121,9332729064,0,0,0,0.000,0
3122,9332729104,26,13,334,180.092,9
3123,9332771936,0,0,0,0.000,0
3124,9332771936,0,0,0,0.000,0
3125,9332771991,27,13,333,197.953,9
3126,9332812260,0,0,0,0.000,0
3127,9332812260,0,0,0,0.000,0
3128,9332812301,26,13,333,177.096,9
3129,9332852669,0,0,0,0.000,0
3130,9332852669,0,0,0,0.000,0
3131,9332852705,26,13,334,195.684,9
3132,9332893026,0,0,0,0.000,0
3133,9332893026,0,0,0,0.000,0
3134,9332893075,26,13,334,177.702,9
3135,9332933395,0,0,0,0.000,0
3136,9332933395,0,0,0,0.000,0
3137,9332933438,27,13,334,168.251,9
3138,9332973734,0,0,0,0.000,0
3139,9332973734,0,0,0,0.000,0
3140,9332973796,26,13,334,183.197,9
3141,9333014411,0,0,0,0.000,0
3142,9333014411,0,0,0,0.000,0
3143,9333014465,26,13,334,155.532,9
3144,9333054596,0,0,0,0.000,0
3145,9333054596,0,0,0,0.000,0
3146,9333054643,26,13,334,185.915,9
3147,9333094946,0,0,0,0.000,0
3148,9333094946,0,0,0,0.000,0
3149,9333095014,26,13,334,173.438,9
3150,9333135192,0,0,0,0.000,0
3151,9333135192,0,0,0,0.000,0
3152,9333135245,26,13,334,239.427,56
3153,9333176345,0,0,0,0.000,0
3154,9333176345,0,0,1,0.005,10
3155,9333178694,26,13,333,220.679,16
3156,9333216601,0,0,0,0.000,0
3157,9333216601,0,0,0,0.000,0
3158,9333216647,26,13,334,185.680,9
3159,9333256827,0,0,0,0.000,0
3160,9333256827,0,0,0,0.000,0
3161,9333256852,26,13,334,193.406,9
3162,9333297152,0,0,0,0.000,0
3163,9333297152,0,0,0,0.000,0
3164,9333297201,26,13,334,205.647,9
3165,9333337482,0,0,0,0.000,0
3166,9333337482,0,0,0,0.000,0
3167,9333337530,26,13,334,299.141,9
3168,9333377725,0,0,0,0.000,0
3169,9333377725,0,0,0,0.000,0
3170,9333377768,26,13,334,280.055,9
3171,9333417941,0,0,0,0.000,0
3172,9333417941,0,0,0,0.000,0
3173,9333417982,26,13,334,266.775,9
3174,9333458440,0,0,0,0.000,0
3175,9333458440,0,0,0,0.000,0
3176,9333458486,26,13,333,297.074,9
3177,9333498674,0,0,0,0.000,0
3178,9333498674,0,0,0,0.000,0
3179,9333498722,26,13,334,225.855,9
3180,9333538983,0,0,0,0.000,0
3181,9333538983,0,0,0,0.000,0
3182,9333539029,26,13,334,266.043,9
3183,9333579290,0,0,0,0.000,0
3184,9333579290,0,0,0,0.000,0
3185,9333579324,26,13,334,253.071,9
3186,9333619587,0,0,0,0.000,0
3187,9333619587,0,0,0,0.000,0
3188,9333619629,26,13,334,263.084,9
3189,9333659946,0,0,0,0.000,0
3190,9333659946,0,0,0,0.000,0
3191,9333659987,26,13,334,210.392,9
3192,9333700349,0,0,0,0.000,0
3193,9333700349,0,0,0,0.000,0
3194,9333700391,26,13,334,285.206,9
3195,9333740767,0,0,0,0.000,0
3196,9333740767,0,0,0,0.000,0
3197,9333740788,27,13,334,286.117,9
3198,9333781034,0,0,0,0.000,0
3199,9333781034,0,0,0,0.000,0
3200,9333781115,26,13,334,245.669,9
3201,9333821308,0,0,0,0.000,0
3202,9333821308,0,0,0,0.000,0
3203,9333821388,26,13,334,276.346,9
3204,9333861609,0,0,0,0.000,0
3205,9333861609,0,0,0,0.000,0
3206,9333861680,26,13,334,265.383,9
3207,9333901913,0,0,0,0.000,0
3208,9333901913,0,0,0,0.000,0
3209,9333901979,26,13,334,210.225,9
3210,9333942172,0,0,0,0.000,0
3211,9333942172,0,0,0,0.000,0
3212,9333942246,27,13,334,208.293,9
3213,9333982404,0,0,0,0.000,0
3214,9333982404,0,0,0,0.000,0
3215,9333982478,26,13,334,275.931,9
3216,9334022774,0,0,0,0.000,0
3217,9334022774,0,0,0,0.000,0
3218,9334022855,26,13,334,259.878,9
3219,9334064475,0,0,0,0.000,0
3220,9334064475,0,0,0,0.000,0
3221,9334064547,26,13,334,207.316,9
3222,9334104784,0,0,0,0.000,0
3223,9334104784,0,0,0,0.000,0
3224,9334104850,26,13,334,226.782,9
3225,9334145447,0,0,0,0.000,0
3226,9334145447,0,0,0,0.000,0
3227,9334145537,26,13,334,207.231,9
3228,9334185517,0,0,0,0.000,0
3229,9334185517,0,0,0,0.000,0
3230,9334185586,26,13,334,178.546,9
3231,9334225784,0,0,0,0.000,0
3232,9334225784,0,0,0,0.000,0
3233,9334225849,26,13,334,207.204,9
3234,9334266212,0,0,0,0.000,0
3235,9334266212,0,0,0,0.000,0
3236,9334266278,26,13,333,204.066,9
3237,9334306539,0,0,0,0.000,0
3238,9334306539,0,0,0,0.000,0
3239,9334306594,26,13,334,195.471,9
3240,9334346793,0,0,0,0.000,0
3241,9334346793,0,0,0,0.000,0
3242,9334346832,26,13,333,208.060,9
3243,9334387062,0,0,0,0.000,0
3244,9334387062,0,0,0,0.000,0
3245,9334387099,26,13,334,177.914,9
3246,9334427394,0,0,0,0.000,0
3247,9334427394,0,0,0,0.000,0
3248,9334427431,26,13,334,202.478,9
3249,9334468659,0,0,0,0.000,0
3250,9334468659,0,0,0,0.000,0
3251,9334468793,26,13,334,174.072,9
3252,9334509011,0,0,0,0.000,0
3253,9334509011,0,0,0,0.000,0
3254,9334509169,26,13,334,215.768,9
3255,9334549602,0,0,0,0.000,0
3256,9334549602,0,0,0,0.000,0
3257,9334549770,26,13,333,190.618,9
3258,9334589945,0,0,0,0.000,0
3259,9334589945,0,0,0,0.000,0
3260,9334590175,26,13,334,166.318,9
3261,9334630431,0,0,0,0.000,0
3262,9334630431,0,0,0,0.000,0
3263,9334630669,26,13,334,186.529,9
3264,9334670547,0,0,0,0.000,0
3265,9334670547,0,0,0,0.000,0
3266,9334670676,26,13,334,182.761,9
3267,9334711180,0,0,0,0.000,0
3268,9334711180,0,0,0,0.000,0
3269,9334711329,26,13,333,184.320,9
3270,9334751784,0,0,0,0.000,0
3271,9334751784,0,0,0,0.000,0
3272,9334751900,27,13,334,193.631,9
3273,9334793194,0,0,0,0.000,0
3274,9334793194,0,0,0,0.000,0
3275,9334793274,26,13,334,176.923,9
3276,9334833566,0,0,0,0.000,0
3277,9334833566,0,0,0,0.000,0
3278,9334833644,26,13,326,170.096,9
3279,9334873875,0,0,0,0.000,0
3280,9334873875,0,0,0,0.000,0
3281,9334873959,26,13,334,179.493,9
3282,9334914460,0,0,0,0.000,0
3283,9334914460,0,0,0,0.000,0
3284,9334914581,26,13,334,159.748,9
3285,9334954797,0,0,0,0.000,0
3286,9334954797,0,0,0,0.000,0
3287,9334954879,27,13,334,178.791,9
3288,9334995467,0,0,0,0.000,0
3289,9334995467,0,0,0,0.000,0
3290,9334995623,26,13,334,252.192,9
3291,9335040315,0,0,0,0.000,0
3292,9335040315,0,0,0,0.000,0
3293,9335040429,26,13,334,180.050,9
3294,9335079438,0,0,0,0.000,0
3295,9335079438,0,0,0,0.000,0
3296,9335079577,26,13,334,164.497,9
3297,9335120050,0,0,0,0.000,0
3298,9335120050,0,0,0,0.000,0
3299,9335120186,26,13,334,175.629,9
3300,9335160525,0,0,0,0.000,0
3301,9335160525,0,0,0,0.000,0
3302,9335160619,26,13,334,172.000,9
3303,9335200978,0,0,0,0.000,0
3304,9335200978,0,0,0,0.000,0
3305,9335201056,26,13,334,178.771,9
3306,9335241376,0,0,0,0.000,0
3307,9335241376,0,0,0,0.000,0
3308,9335241441,26,13,334,192.685,9
3309,9335281839,0,0,0,0.000,0
3310,9335281839,0,0,0,0.000,0
3311,9335281883,26,13,334,174.362,9
3312,9335322242,0,0,0,0.000,0
3313,9335322242,0,0,0,0.000,0
3314,9335322284,26,13,326,190.455,9
3315,9335362583,0,0,0,0.000,0
3316,9335362583,0,0,0,0.000,0
3317,9335362633,26,13,334,134.322,9
3318,9335402973,0,0,0,0.000,0
3319,9335402973,0,0,0,0.000,0
3320,9335403045,26,13,334,165.963,9
3321,9335443509,0,0,0,0.000,0
3322,9335443509,0,0,0,0.000,0
3323,9335443564,26,13,334,160.050,9
3324,9335483849,0,0,0,0.000,0
3325,9335483849,0,0,0,0.000,0
3326,9335483893,26,13,334,217.091,9
3327,9335524335,0,0,0,0.000,0
3328,9335524335,0,0,0,0.000,0
3329,9335524380,26,13,334,162.715,9
3330,9335564752,0,0,0,0.000,0
3331,9335564752,0,0,0,0.000,0
3332,9335564806,26,13,334,158.733,9
3333,9335608549,0,0,0,0.000,0
3334,9335608549,0,0,0,0.000,0
3335,9335608611,26,13,333,189.000,70
3336,9335651618,0,0,0,0.000,0
3337,9335651618,0,0,1,0.005,0
3338,9335653819,26,13,333,228.859,9
3339,9335692661,0,0,0,0.000,0
3340,9335692661,0,0,0,0.000,0
3341,9335692717,26,13,334,242.070,9
3342,9335733559,0,0,0,0.000,0
3343,9335733559,0,0,0,0.000,0
3344,9335733602,26,13,334,247.607,9
3345,9335773907,0,0,0,0.000,0
3346,9335773907,0,0,0,0.000,0
3347,9335773950,27,13,334,276.781,9
3348,9335814358,0,0,0,0.000,0
3349,9335814358,0,0,0,0.000,0
3350,9335814406,11,10,334,261.039,4
3351,9335854662,0,0,0,0.000,0
3352,9335854662,0,0,0,0.000,0
3353,9335854706,26,13,334,252.401,9
3354,9335894973,0,0,0,0.000,0
3355,9335894973,0,0,0,0.000,0
3356,9335895025,26,13,334,219.667,9
3357,9335935323,0,0,0,0.000,0
3358,9335935323,0,0,0,0.000,0
3359,9335935369,27,13,333,186.145,9
3360,9335975707,0,0,0,0.000,0
3361,9335975707,0,0,0,0.000,0
3362,9335975750,26,13,334,192.970,9
3363,9336016051,0,0,0,0.000,0
3364,9336016051,0,0,0,0.000,0
3365,9336016089,26,13,334,183.571,9
3366,9336056491,0,0,0,0.000,0
3367,9336056491,0,0,0,0.000,0
3368,9336056528,26,13,333,175.847,9
3369,9336096682,0,0,0,0.000,0
3370,9336096682,0,0,0,0.000,0
3371,9336096720,26,13,334,189.819,9
3372,9336136946,0,0,0,0.000,0
3373,9336136946,0,0,0,0.000,0
3374,9336136982,26,13,334,173.188,9
3375,9336177276,0,0,0,0.000,0
3376,9336177276,0,0,0,0.000,0
3377,9336177316,26,13,334,214.018,9
3378,9336217637,0,0,0,0.000,0
3379,9336217637,0,0,0,0.000,0
3380,9336217702,26,13,334,190.685,9
3381,9336257972,0,0,0,0.000,0
3382,9336257972,0,0,0,0.000,0
3383,9336258065,26,13,334,213.563,9
3384,9336298379,0,0,0,0.000,0
3385,9336298379,0,0,0,0.000,0
3386,9336298434,26,13,334,241.313,9
3387,9336338674,0,0,0,0.000,0
3388,9336338674,0,0,0,0.000,0
3389,9336338773,26,13,334,258.003,9
3390,9336379022,0,0,0,0.000,0
3391,9336379022,0,0,0,0.000,0
3392,9336379080,26,13,334,212.158,9
3393,9336420518,0,0,0,0.000,0
3394,9336420518,0,0,0,0.000,0
3395,9336420566,26,13,333,260.954,9
3396,9336461511,0,0,0,0.000,0
3397,9336461511,0,0,0,0.000,0
3398,9336461548,26,13,333,183.155,9
3399,9336502042,0,0,0,0.000,0
3400,9336502042,0,0,0,0.000,0
3401,9336502097,26,13,334,246.667,9
3402,9336542298,0,0,0,0.000,0
3403,9336542298,0,0,0,0.000,0
3404,9336542356,26,13,334,255.002,9
3405,9336582482,0,0,0,0.000,0
3406,9336582482,0,0,0,0.000,0
3407,9336582517,26,13,334,241.331,9
3408,9336622825,0,0,0,0.000,0
3409,9336622825,0,0,0,0.000,0
3410,9336622864,26,13,333,245.345,9
3411,9336663170,0,0,0,0.000,0
3412,9336663170,0,0,0,0.000,0
3413,9336663254,26,13,334,223.449,9
3414,9336703451,0,0,0,0.000,0
3415,9336703451,0,0,0,0.000,0
3416,9336703518,26,13,333,223.358,9
3417,9336744483,0,0,0,0.000,0
3418,9336744483,0,0,0,0.000,0
3419,9336744505,27,13,333,191.962,9
3420,9336784833,0,0,0,0.000,0
3421,9336784833,0,0,0,0.000,0
3422,9336784919,26,13,333,198.101,9
3423,9336825153,0,0,0,0.000,0
3424,9336825153,0,0,0,0.000,0
3425,9336825229,26,13,325,212.174,9
3426,9336865467,0,0,0,0.000,0
3427,9336865467,0,0,0,0.000,0
3428,9336865544,26,13,334,235.937,9
3429,9336905857,0,0,0,0.000,0
3430,9336905857,0,0,0,0.000,0
3431,9336905918,26,13,334,171.427,9
3432,9336946278,0,0,0,0.000,0
3433,9336946278,0,0,0,0.000,0
3434,9336946368,27,13,334,239.371,9
3435,9336987248,0,0,0,0.000,0
3436,9336987248,0,0,0,0.000,0
3437,9336987370,26,13,334,186.294,9
3438,9337027398,0,0,0,0.000,0
3439,9337027398,0,0,0,0.000,0
3440,9337027483,26,13,334,146.134,9
3441,9337067653,0,0,0,0.000,0
3442,9337067653,0,0,0,0.000,0
3443,9337067726,26,13,334,201.089,9
3444,9337107973,0,0,0,0.000,0
3445,9337107973,0,0,0,0.000,0
3446,9337108082,26,13,334,203.776,9
3447,9337148992,0,0,0,0.000,0
3448,9337148992,0,0,1,0.011,0
3449,9337149241,26,13,333,197.311,9
3450,9337189476,0,0,0,0.000,0
3451,9337189476,0,0,1,0.010,0
3452,9337189768,26,13,333,213.674,9
3453,9337230452,0,0,0,0.000,0
3454,9337230452,0,0,1,0.014,0
3455,9337230912,26,13,333,188.288,9
3456,9337270888,0,0,0,0.000,0
3457,9337270888,0,0,0,0.000,0
3458,9337271150,26,13,334,174.775,9
3459,9337311285,0,0,0,0.000,0
3460,9337311285,0,0,1,0.011,0
3461,9337312143,26,13,333,160.094,9
3462,9337351789,0,0,0,0.000,0
3463,9337351789,0,0,0,0.000,0
3464,9337351958,26,13,334,156.327,9
3465,9337392088,0,0,0,0.000,0
3466,9337392088,0,0,0,0.000,0
3467,9337392210,26,13,334,152.735,9
3468,9337415105,0,0,0,0.000,0
3469,9337415105,0,0,0,0.000,0
3470,9337415163,26,13,334,151.526,9
3471,9337443976,0,0,0,0.000,0
3472,9337443976,0,0,0,0.000,0
3473,9337444071,26,13,334,219.843,9
3474,9337481892,0,0,0,0.000,0
3475,9337481892,0,0,0,0.000,0
3476,9337482039,26,13,334,169.561,9
3477,9337505178,0,0,0,0.000,0
3478,9337505178,0,0,0,0.000,0
3479,9337505272,26,13,334,171.084,9
3480,9337545655,0,0,0,0.000,0
3481,9337545655,0,0,0,0.000,0
3482,9337545760,26,13,334,167.197,9
3483,9337590297,0,0,0,0.000,0
3484,9337590297,0,0,0,0.000,0
3485,9337590524,26,13,334,179.724,9
3486,9337632180,0,0,0,0.000,0
3487,9337632180,0,0,1,0.011,0
3488,9337634526,26,13,333,156.738,9
3489,9337669769,0,0,0,0.000,0
3490,9337669769,0,0,0,0.000,0
3491,9337670097,26,13,334,191.496,9
3492,9337710408,0,0,0,0.000,0
3493,9337710408,0,0,0,0.000,0
3494,9337710650,26,13,334,207.753,9
3495,9337751022,0,0,0,0.000,0
3496,9337751022,0,0,1,0.017,0
3497,9337751391,27,13,333,175.643,9
3498,9337791373,0,0,0,0.000,0
3499,9337791373,0,0,1,0.015,0
3500,9337791777,26,13,332,230.207,9
3501,9337831263,0,0,0,0.000,0
3502,9337831263,0,0,0,0.000,0
3503,9337831333,26,13,333,198.547,9
3504,9337854021,0,0,0,0.000,0
3505,9337854021,0,0,0,0.000,0
3506,9337854066,26,13,334,164.643,9
3507,9337894669,0,0,0,0.000,0
3508,9337894669,0,0,0,0.000,0
3509,9337894685,26,13,334,183.055,9
3510,9337926057,0,0,0,0.000,0
3511,9337926057,0,0,0,0.000,0
3512,9337926114,27,13,334,159.331,9
3513,9337949260,0,0,0,0.000,0
3514,9337949260,0,0,1,0.010,0
3515,9337950119,26,13,333,174.336,9
3516,9337991537,0,0,0,0.000,0
3517,9337991537,0,0,1,0.011,0
3518,9337992103,26,13,333,181.167,9
3519,9338031841,0,0,0,0.000,0
3520,9338031841,0,0,0,0.000,0
3521,9338031943,26,13,334,147.021,9
3522,9338054626,0,0,0,0.000,0
3523,9338054626,0,0,0,0.000,0
3524,9338054682,26,13,334,172.509,9
3525,9338095187,0,0,0,0.000,0
3526,9338095187,0,0,0,0.000,0
3527,9338095209,26,13,334,169.310,9
3528,9338135519,0,0,0,0.000,0
3529,9338135519,0,0,0,0.000,0
3530,9338135613,26,13,333,186.494,9
3531,9338163337,0,0,0,0.000,0
3532,9338163337,0,0,0,0.000,0
3533,9338163480,26,13,334,186.173,9
3534,9338202479,0,0,0,0.000,0
3535,9338202479,0,0,0,0.000,0
3536,9338202579,26,13,334,179.358,75
3537,9338243074,0,0,0,0.000,0
3538,9338243074,0,0,1,0.009,0
3539,9338243485,26,13,333,160.882,9
3540,9338265776,0,0,0,0.000,0
3541,9338265776,0,0,0,0.000,0
3542,9338265839,26,13,334,196.471,9
3543,9338306168,0,0,0,0.000,0
3544,9338306168,0,0,0,0.000,0
3545,9338306213,26,13,334,182.208,9
3546,9338346151,0,0,0,0.000,0
3547,9338346151,0,0,0,0.000,0
3548,9338346192,26,13,334,154.553,9
3549,9338386664,0,0,0,0.000,0
3550,9338386664,0,0,0,0.000,0
3551,9338386730,26,13,334,195.274,9
3552,9338426788,0,0,0,0.000,0
3553,9338426788,0,0,0,0.000,0
3554,9338426833,26,13,334,160.369,9
3555,9338467215,0,0,0,0.000,0
3556,9338467215,0,0,0,0.000,0
3557,9338467265,26,13,334,146.050,9
3558,9338507630,0,0,0,0.000,0
3559,9338507630,0,0,0,0.000,0
3560,9338507667,26,13,334,159.915,9
3561,9338548169,0,0,0,0.000,0
3562,9338548169,0,0,0,0.000,0
3563,9338548266,26,13,334,173.982,9
3564,9338589878,0,0,0,0.000,0
3565,9338589878,0,0,0,0.000,0
3566,9338589971,26,13,334,221.518,9
3567,9338630717,0,0,0,0.000,0
3568,9338630717,0,0,1,0.047,0
3569,9338631143,26,13,333,206.331,9
3570,9338671319,0,0,0,0.000,0
3571,9338671319,0,0,0,0.000,0
3572,9338671440,26,13,334,177.333,9
3573,9338711346,0,0,0,0.000,0
3574,9338711346,0,0,0,0.000,0
3575,9338711417,26,13,333,194.405,9
3576,9338751612,0,0,0,0.000,0
3577,9338751612,0,0,0,0.000,0
3578,9338751646,27,13,334,191.708,9
3579,9338792151,0,0,0,0.000,0
3580,9338792151,0,0,0,0.000,0
3581,9338792292,26,13,334,200.247,9
3582,9338832448,0,0,0,0.000,0
3583,9338832448,0,0,0,0.000,0
3584,9338832515,26,13,325,200.860,9
3585,9338872855,0,0,0,0.000,0
3586,9338872855,0,0,0,0.000,0
3587,9338872937,26,13,334,202.008,9
3588,9338913128,0,0,0,0.000,0
3589,9338913128,0,0,0,0.000,0
3590,9338913201,26,13,334,256.021,9
3591,9338953434,0,0,0,0.000,0
3592,9338953434,0,0,0,0.000,0
3593,9338953509,27,13,334,243.702,9
3594,9338993726,0,0,0,0.000,0
3595,9338993726,0,0,0,0.000,0
3596,9338993771,26,13,333,209.892,9
3597,9339034103,0,0,0,0.000,0
3598,9339034103,0,0,0,0.000,0
3599,9339034179,26,13,334,242.143,9
3600,9339075083,0,0,0,0.000,0
3601,9339075083,0,0,0,0.000,0
3602,9339075133,26,13,334,193.482,9
3603,9339115499,0,0,0,0.000,0
3604,9339115499,0,0,0,0.000,0
3605,9339115544,26,13,300,138.010,9
3606,9339155827,0,0,0,0.000,0
3607,9339155827,0,0,0,0.000,0
3608,9339155874,21,12,175,59.633,9
