wall_clock_us,interval_us,paint_seq,pump_active_us,paint_latency_us,waited_deadline
24776869883,0,0,29722,29722,1
24776890056,0,0,3863,20168,1
24776910206,0,0,6652,20148,1
24776930346,0,0,572,20137,1
24776950437,0,0,164,20088,1
24776977545,0,1,8363,27104,0
24776997636,0,1,246,20086,1
24777017722,0,1,193,20081,1
24777023599,46054,2,947,5872,0
24777043957,0,2,377,20102,1
24777049993,26393,3,1144,6031,0
24777074781,24788,4,1046,24783,0
24777096529,21747,5,1483,21743,0
24777116623,0,5,197,20088,1
24777122320,25790,6,870,5692,0
24777151412,29092,7,1846,22533,0
24777171496,0,7,430,20080,1
24777177043,25630,8,720,5541,0
24777215368,38325,9,3045,23155,0
24777235447,0,9,1904,20072,1
24777244678,29309,10,4360,9226,0
24777269778,25100,11,1085,21590,0
24777288550,18771,12,991,18766,0
24777308111,19561,13,999,18121,0
24777331649,23538,14,919,21584,0
24777352027,20378,15,996,20374,0
24777370665,18637,16,1177,18633,0
24777393052,22387,17,1027,21791,0
24777414804,21752,18,970,21747,0
24777436387,21582,19,914,21577,0
24777457998,21610,20,969,21605,0
24777479606,21608,21,938,21594,0
24777501207,21601,22,968,21596,0
24777522880,21673,23,993,21668,0
24777544456,21575,24,918,21571,0
24777566065,21608,25,963,21603,0
24777584249,18184,26,1049,18172,0
24777606045,21795,27,1031,21790,0
24777624253,18207,28,1044,18198,0
24777646026,21773,29,1023,21766,0
24777664123,18097,30,945,18092,0
24777685900,21777,31,1045,21772,0
24777707665,21765,32,1050,21760,0
24777729874,22208,33,1525,22203,0
24777751518,21644,34,1006,21639,0
24777773294,21776,35,1034,21771,0
24777794908,21614,36,908,21610,0
24777814919,20010,37,1059,20005,0
24777836801,21882,38,1135,21876,0
24777858460,21658,39,978,21652,0
24777878536,0,39,177,20071,1
24777889307,30847,40,1325,10765,0
24777920507,31200,41,1087,21761,0
24777938688,18180,42,993,18175,0
24777958671,19982,43,951,18082,0
24777976771,18100,44,959,18094,0
24777996841,20069,45,959,18091,0
24778018622,21781,46,1035,21776,0
24778040393,21770,47,1026,21765,0
24778062078,21684,48,988,21679,0
24778083715,21636,49,991,21632,0
24778105332,21617,50,969,21612,0
24778123444,18111,51,985,18106,0
24778145221,21776,52,1091,21771,0
24778166939,21718,53,1022,21713,0
24778185065,18126,54,1016,18121,0
24778210119,25053,55,1887,23093,0
24778231805,21685,56,985,21680,0
24778253465,21660,57,946,21656,0
24778275122,21657,58,983,21651,0
24778294719,19596,59,998,19591,0
24778313327,18607,60,1005,18128,0
24778334865,21538,61,991,19591,0
24778352995,18129,62,985,18123,0
24778374777,21781,63,987,19833,0
24778396657,21880,64,977,21634,0
24778416941,20284,65,975,20279,0
24778435083,18141,66,1040,18137,0
24778458628,23545,67,953,21606,0
24778480287,21658,68,982,21653,0
24778501934,21647,69,994,21642,0
24778523570,21635,70,974,21631,0
24778543036,19465,71,956,19460,0
24778565305,22269,72,983,21655,0
24778586960,21654,73,990,21649,0
24778609546,22586,74,1631,22581,0
24778627982,18435,75,959,18428,0
24778651243,23261,76,988,21608,0
24778669407,18163,77,964,18159,0
24778690500,21093,78,887,21087,0
24778708592,18091,79,966,18086,0
24778716390,7798,80,918,5809,0
24778749055,32664,81,996,18188,0
24778767779,18724,82,1010,18718,0
24778787511,19732,83,1190,18368,0
24778795094,7582,84,955,5875,0
24778827895,32801,85,994,18378,0
24778846024,18128,86,981,18123,0
24778866110,20085,87,992,18126,0
24778890079,23969,88,6301,22051,0
24778911321,21242,89,1242,21237,0
24778932961,21639,90,1335,21633,0
24778951069,18108,91,981,18103,0
24778971309,20240,92,1140,18281,0
24778991219,19910,93,989,18117,0
24779009409,18189,94,1088,18184,0
24779029380,19970,95,945,18083,0
24779049496,20116,96,1018,18127,0
24779069729,20233,97,1148,18276,0
24779088320,18591,98,1097,18585,0
24779108011,19691,99,1080,18206,0
24779115721,7709,100,945,5840,0
24779148267,32546,101,948,18092,0
24779166217,17949,102,895,17943,0
24779186468,20251,103,982,18120,0
24779194248,7780,104,928,5828,0
24779226857,32608,105,978,18155,0
24779244959,18102,106,973,18097,0
24779266204,21244,107,1004,19264,0
24779287097,20893,108,976,20080,0
24779308861,21763,109,1020,21755,0
24779326969,18107,110,965,18102,0
24779347045,20075,111,962,18099,0
24779367315,20269,112,975,18291,0
24779387348,20033,113,976,18240,0
24779409279,21931,114,1383,21925,0
24779431013,21733,115,1054,21727,0
24779449368,18354,116,1184,18349,0
24779472843,23475,117,991,21750,0
24779490934,18091,118,952,18085,0
24779514574,23639,119,1003,21651,0
24779532722,18147,120,976,18142,0
24779552760,20038,121,967,18105,0
24779572853,0,121,179,20087,1
24779578463,25702,122,780,5604,0
24779614847,36383,123,1036,21729,0
24779636505,21658,124,971,21611,0
24779658132,21626,125,950,21620,0
24779679717,21585,126,913,21581,0
24779701354,21637,127,991,21632,0
24779722964,21609,128,945,21605,0
24779744536,21571,129,943,21567,0
24779766371,21835,130,1032,21830,0
24779786920,20549,131,1003,20543,0
24779807041,0,131,192,20115,1
24779812618,25697,132,755,5568,0
24779849585,36966,133,1571,22280,0
24779871163,21577,134,915,21572,0
24779892771,21608,135,930,21604,0
24779914358,21586,136,912,21581,0
24779935934,21576,137,907,21572,0
24779957509,21575,138,907,21570,0
24779979114,21604,139,930,21600,0
24780000709,21595,140,930,21590,0
24780022308,21598,141,930,21594,0
24780044059,21751,142,963,21746,0
24780064131,0,142,206,20066,1
24780069743,25683,143,756,5607,0
24780106014,36271,144,991,21631,0
24780126103,0,144,171,20085,1
24780131769,25754,145,897,5660,0
24780153404,21635,146,936,21630,0
24780175184,21780,147,1023,21775,0
24780195278,0,147,169,20088,1
24780201028,25844,148,884,5745,0
24780237283,36254,149,979,21747,0
24780259046,21763,150,1003,21758,0
24780279136,0,150,171,20084,1
24780284754,25707,151,758,5613,0
24780319483,0,151,159,20082,1
24780325095,40340,152,773,5606,0
24780361369,36274,153,931,21607,0
24780381458,0,153,171,20084,1
24780387049,25680,154,748,5585,0
24780423467,36417,155,981,21749,0
24780445236,21769,156,1025,21764,0
24780467034,21797,157,989,21792,0
24780489772,22737,158,1780,22733,0
24780509861,0,158,169,20084,1
24780515442,25670,159,736,5575,0
24780551860,36417,160,990,21732,0
24780573637,21776,161,971,21771,0
24780595660,22023,162,1064,22018,0
24780615762,0,162,185,20096,1
24780621408,25747,163,782,5638,0
24780641497,0,163,159,20085,1
24780647319,25911,164,773,5816,0
24780681861,0,164,167,20087,1
24780687819,40500,165,745,5953,0
24780723872,36052,166,1004,21754,0
24780743977,0,166,190,20099,1
24780749711,25839,167,827,5727,0
24780784345,0,167,148,20070,1
24780798181,48469,168,868,13831,0
24780824565,0,168,185,20085,1
24780830153,31971,169,748,5583,0
24780864923,0,169,196,20096,1
24780870504,40351,170,747,5575,0
24780905270,0,170,279,20089,1
24780910950,40445,171,829,5674,0
24780945657,0,171,377,20098,1
24780951313,40363,172,814,5651,0
24780985981,0,172,277,20066,1
24780991711,40398,173,879,5725,0
24781024438,32726,174,1024,18148,0
24781048912,24474,175,1321,22545,0
24781069011,0,175,198,20091,1
24781074666,25754,176,785,5650,0
24781111036,36369,177,995,21747,0
24781131132,0,177,176,20090,1
24781136715,25678,178,749,5577,0
24781171377,34662,179,954,19989,0
24781191547,0,179,238,20086,1
24781197201,25823,180,774,5647,0
24781233439,36238,181,943,21627,0
24781253539,0,181,196,20094,1
24781259343,25904,182,841,5800,0
24781293893,0,182,185,20091,1
24781299482,40138,183,757,5583,0
24781334242,0,183,170,20088,1
24781339827,40345,184,763,5580,0
24781361412,21585,185,926,21580,0
24781383061,21648,186,981,21644,0
24781404656,21594,187,927,21590,0
24781426416,21760,188,1026,21755,0
24781448834,22417,189,1213,22413,0
24781470609,21774,190,1052,21767,0
24781489130,18521,191,1454,18516,0
24781512451,23321,192,989,21762,0
24781534160,21708,193,1016,21703,0
24781552319,18158,194,1032,18154,0
24781575988,23668,195,1057,21750,0
24781597943,21955,196,1184,21950,0
24781620014,22070,197,1203,22064,0
24781638169,18155,198,1007,18147,0
24781661834,23665,199,1050,21740,0
24781683454,21620,200,979,21616,0
24781705071,21616,201,971,21611,0
24781726708,21637,202,977,21633,0
24781748332,21623,203,957,21618,0
24781770029,21696,204,1098,21692,0
24781788150,18121,205,997,18117,0
24781811772,23621,206,947,21663,0
24781833487,21715,207,1032,21709,0
24781855301,21813,208,1072,21809,0
24781876930,21629,209,1770,21622,0
24781898691,21760,210,1048,21756,0
24781920300,21609,211,993,21604,0
24781941947,21646,212,1031,21641,0
24781963562,21615,213,973,21610,0
24781983067,19504,214,1032,19499,0
24782005296,22228,215,1018,21655,0
24782026987,21691,216,1046,21686,0
24782049468,22481,217,1550,22476,0
24782071119,21650,218,995,21646,0
24782092738,21618,219,949,21613,0
24782114396,21658,220,1006,21654,0
24782136030,21633,221,986,21628,0
24782157654,21623,222,958,21619,0
24782179296,21642,223,978,21637,0
24782200945,21649,224,984,21644,0
24782222580,21635,225,974,21630,0
24782244204,21623,226,973,21618,0
24782265850,21646,227,996,21642,0
24782287922,22071,228,970,22068,0
24782309698,21776,229,1002,21769,0
24782329789,0,229,163,20086,1
24782335511,25812,230,811,5717,0
24782371708,36196,231,1036,21662,0
24782393347,21638,232,982,21634,0
24782415045,21698,233,1015,21693,0
24782436755,21710,234,983,21705,0
24782458409,21653,235,996,21649,0
24782480074,21664,236,992,21659,0
24782501869,21794,237,1116,21790,0
24782523492,21623,238,982,21619,0
24782542691,19199,239,957,19194,0
24782565223,22531,240,988,21649,0
24782586868,21644,241,982,21639,0
24782609667,22799,242,1829,22794,0
24782627811,18143,243,993,18138,0
24782647848,20037,244,986,18100,0
24782671535,23687,245,1018,21710,0
24782689991,18455,246,1310,18451,0
24782709696,19705,247,955,18080,0
24782730496,20799,248,964,18806,0
24782749857,19361,249,969,18094,0
24782769975,20118,250,1014,18138,0
24782790014,20038,251,988,18102,0
24782808596,18582,252,1141,18576,0
24782828202,19606,253,989,18111,0
24782835986,7784,254,927,5819,0
24782872115,36129,255,974,21657,0
24782890358,18242,256,1128,18238,0
24782910273,19914,257,956,18077,0
24782930552,20279,258,946,18280,0
24782950419,19867,259,965,18073,0
24782970496,20076,260,957,18075,0
24782990628,20132,261,993,18133,0
24783009112,18483,262,1385,18477,0
24783028852,19740,263,994,18141,0
24783052667,23815,264,1008,21879,0
24783072734,0,264,104,20060,1
24783094744,42076,265,1163,22007,0
24783116395,21651,266,994,21646,0
24783138033,21637,267,970,21632,0
24783159672,21639,268,974,21634,0
24783178568,18896,269,994,18892,0
24783201399,22830,270,951,21647,0
24783219524,18124,271,984,18119,0
24783239578,20054,272,954,18101,0
24783263305,23726,273,1008,21754,0
24783281424,18118,274,992,18114,0
24783301534,20110,275,1014,18151,0
24783325195,23660,276,1027,21739,0
24783346832,21637,277,980,21633,0
24783369388,22555,278,1534,22550,0
24783391027,21638,279,979,21634,0
24783412637,21609,280,924,21605,0
24783434287,21649,281,978,21644,0
24783455940,21653,282,974,21649,0
24783477591,21650,283,1009,21644,0
24783499217,21626,284,977,21622,0
24783520872,21655,285,983,21650,0
24783542504,21632,286,995,21627,0
24783564125,21620,287,970,21615,0
24783582794,18669,288,978,18664,0
24783606012,23218,289,1028,21809,0
24783624267,18254,290,999,18249,0
24783648884,24617,291,1256,22791,0
24783670645,21760,292,1050,21750,0
24783690739,0,292,268,20088,1
24783696383,25738,293,812,5639,0
24783731541,35158,294,981,20522,0
24783753297,21756,295,1007,21750,0
24783773390,0,295,214,20087,1
24783774970,21672,296,791,1574,0
24783813799,0,296,165,20086,1
24783819399,44429,297,754,5594,0
24783854150,0,297,161,20086,1
24783859751,40351,298,745,5595,0
24783894503,0,298,176,20094,1
24783900109,40358,299,769,5600,0
24783921725,21615,300,947,21611,0
24783943381,21656,301,966,21651,0
24783964945,21563,302,919,21559,0
24783986553,21608,303,938,21603,0
24784008990,22436,304,1218,22431,0
24784029038,0,304,168,20041,1
24784034633,25643,305,743,5590,0
24784070922,36288,306,912,21613,0
24784091026,0,306,228,20099,1
24784096660,25738,307,764,5628,0
24784131375,0,307,183,20094,1
24784137009,40348,308,770,5627,0
24784158821,21812,309,1024,21807,0
24784178914,0,309,197,20087,1
24784184536,25714,310,762,5617,0
24784219267,0,310,188,20085,1
24784224852,40316,311,747,5580,0
24784259614,0,311,178,20093,1
24784265236,40384,312,801,5617,0
24784299972,0,312,188,20081,1
24784305590,40353,313,764,5613,0
24784340345,0,313,208,20084,1
24784345975,40385,314,812,5627,0
24784382345,36369,315,995,21773,0
24784402436,0,315,177,20086,1
24784408867,26522,316,1026,6426,0
24784444489,35621,317,999,21784,0
24784464563,0,317,198,20069,1
24784470150,25661,318,753,5582,0
24784506540,36389,319,1002,21720,0
24784529405,22865,320,1510,22861,0
24784551173,21767,321,995,21760,0
24784571283,0,321,184,20104,1
24784576894,25721,322,765,5605,0
24784611630,0,322,155,20086,1
24784617234,40339,323,759,5599,0
24784639038,21804,324,1019,21799,0
24784660793,21755,325,990,21750,0
24784680921,0,325,166,20085,1
24784686544,25751,326,774,5618,0
24784722900,36355,327,1015,21716,0
24784744632,21731,328,1003,21727,0
24784764730,0,328,165,20092,1
24784770429,25797,329,919,5694,0
24784805038,0,329,161,20047,1
24784810729,40300,330,918,5686,0
24784845398,0,330,180,20098,1
24784851098,40369,331,902,5694,0
24784871192,0,331,197,20089,1
24784877141,26043,332,1007,5945,0
24784913245,36103,333,1046,21784,0
24784933337,0,333,177,20086,1
24784939020,25774,334,787,5678,0
24784973687,0,334,167,20086,1
24784979280,40260,335,746,5588,0
24785014045,0,335,162,20094,1
24785019631,40350,336,750,5580,0
24785054414,0,336,169,20088,1
24785060095,40464,337,799,5676,0
24785094797,0,337,168,20099,1
24785100487,40391,338,804,5681,0
24785135184,0,338,200,20085,1
24785140844,40356,339,803,5655,0
24785175554,0,339,205,20089,1
24785181284,40440,340,864,5724,0
24785215936,0,340,200,20089,1
24785221664,40379,341,877,5722,0
24785258142,36477,342,1095,21912,0
24785278236,0,342,200,20087,1
24785283903,25761,343,835,5661,0
24785320158,36254,344,955,21650,0
24785340262,0,344,211,20099,1
24785345907,25749,345,813,5637,0
24785382109,36202,346,941,21616,0
24785403683,21573,347,906,21569,0
24785425255,21572,348,930,21568,0
24785446898,21642,349,923,21637,0
24785468657,21758,350,1014,21753,0
24785488799,0,350,198,20137,1
24785494452,25795,351,752,5642,0
24785530796,36344,352,1008,21724,0
24785552500,21703,353,1048,21699,0
24785574278,21778,354,1001,21774,0
24785596149,21870,355,1123,21863,0
24785615154,19005,356,1015,18997,0
24785634401,19246,357,956,18170,0
24785658110,23709,358,1020,21806,0
24785679860,21750,359,1014,21745,0
24785701610,21749,360,1012,21744,0
24785723364,21754,361,985,21749,0
24785743032,19668,362,987,19663,0
24785765111,22078,363,990,21668,0
24785783307,18195,364,1009,18191,0
24785807076,23769,365,1017,21884,0
24785828752,21676,366,1054,21669,0
24785850334,21582,367,977,21577,0
24785868479,18145,368,1012,18140,0
24785892143,23663,369,1010,21729,0
24785913778,21634,370,997,21627,0
24785935460,21681,371,1022,21676,0
24785957105,21645,372,1001,21641,0
24785978716,21610,373,940,21605,0
24785996828,18111,374,989,18106,0
24786020520,23692,375,1061,21724,0
24786038920,18399,376,968,18394,0
24786058693,19773,377,969,18092,0
24786082303,23609,378,976,21627,0
24786100448,18144,379,999,18140,0
24786120544,20096,380,1009,18157,0
24786144491,23946,381,1195,22029,0
24786166123,21631,382,998,21625,0
24786187822,21698,383,1049,21694,0
24786209957,22135,384,1370,22130,0
24786231568,21610,385,988,21605,0
24786251677,0,385,165,20104,1
24786261400,29832,386,831,9717,0
24786293674,32274,387,1041,21776,0
24786315441,21766,388,1024,21761,0
24786335534,0,388,174,20088,1
24786341198,25757,389,789,5659,0
24786375836,34637,390,983,20042,0
24786397449,21612,391,967,21607,0
24786419088,21639,392,982,21635,0
24786440728,21639,393,988,21635,0
24786462364,21635,394,1000,21630,0
24786484019,21655,395,993,21651,0
24786505642,21622,396,975,21617,0
24786527506,21864,397,988,21859,0
24786545651,18145,398,1006,18138,0
24786565688,20037,399,954,18101,0
24786589409,23720,400,1019,21732,0
24786607932,18523,401,979,18518,0
24786629587,0,401,252,20088,1
24786635621,27688,402,1034,6029,0
24786668337,32715,403,990,18144,0
24786691950,23613,404,1045,21660,0
24786713622,21671,405,1033,21666,0
24786735545,21922,406,1205,21917,0
24786756149,20604,407,1092,20600,0
24786774893,18744,408,1080,18738,0
24786794418,19524,409,1014,18178,0
24786814927,20509,410,971,18612,0
24786834482,19555,411,953,18093,0
24786854980,20497,412,979,18518,0
24786878236,23256,413,1144,21699,0
24786896355,18118,414,1000,18114,0
24786916581,20225,415,1122,18262,0
24786940022,23441,416,984,21629,0
24786958140,18118,417,987,18113,0
24786978554,20413,418,979,18451,0
24786998302,19748,419,1009,18126,0
24787018547,20245,420,982,18288,0
24787038436,19888,421,975,18105,0
24787058563,20126,422,973,18158,0
24787077922,19359,423,1021,19344,0
24787096833,18910,424,974,18182,0
24787116806,19973,425,960,18068,0
24787138547,21741,426,997,19733,0
24787156997,18449,427,972,18110,0
24787177137,20139,428,971,18175,0
24787197117,19980,429,958,18094,0
24787220943,23825,430,1063,21843,0
24787241048,0,430,187,20099,1
24787246774,25831,431,859,5720,0
24787281403,0,431,137,20091,1
24787291157,44383,432,823,9749,0
24787319894,28736,433,1104,18291,0
24787343520,23625,434,1108,21840,0
24787361728,18207,435,1054,18204,0
24787385493,23764,436,1099,21893,0
24787407628,22135,437,1030,22130,0
24787429264,21635,438,1017,21629,0
24787450838,21574,439,974,21570,0
24787472469,21630,440,982,21626,0
24787494119,21649,441,993,21645,0
24787515739,21620,442,969,21615,0
24787537348,21608,443,963,21603,0
24787558977,21629,444,985,21624,0
24787580592,21614,445,964,21610,0
24787602229,21637,446,990,21632,0
24787623833,21603,447,978,21599,0
24787641916,18082,448,1005,18078,0
24787665673,23757,449,1002,21760,0
24787687855,22181,450,1056,22177,0
24787707942,0,450,127,20079,1
24787717668,29813,451,779,9683,0
24787739404,21736,452,1019,21730,0
24787760985,21580,453,926,21576,0
24787781084,0,453,184,20093,1
24787786761,25775,454,834,5671,0
24787821430,0,454,174,20086,1
24787827030,40268,455,748,5595,0
24787861784,0,455,173,20092,1
24787867409,40379,456,768,5620,0
24787903725,36316,457,1027,21672,0
24787921855,18130,458,985,18125,0
24787945526,23670,459,978,21721,0
24787967550,22024,460,1043,22019,0
24787989335,21784,461,1029,21777,0
24788011111,21775,462,1032,21770,0
24788032844,21733,463,1014,21727,0
24788052957,0,463,188,20108,1
24788058525,25680,464,746,5559,0
24788094977,36452,465,959,21759,0
24788115054,0,465,165,20071,1
24788120649,25671,466,744,5589,0
24788156892,36242,467,899,21578,0
24788176982,0,467,171,20086,1
24788182578,25686,468,761,5590,0
24788217328,0,468,179,20079,1
24788223161,40582,469,908,5828,0
24788257682,0,469,177,20088,1
24788263285,40123,470,765,5598,0
24788299682,36397,471,968,21744,0
24788319784,0,471,172,20096,1
24788325405,25723,472,773,5615,0
24788360128,0,472,149,20088,1
24788365722,40316,473,746,5588,0
24788400480,0,473,159,20086,1
24788406153,40430,474,796,5668,0
24788426259,0,474,205,20100,1
24788431877,25723,475,759,5610,0
24788468286,36409,476,1011,21768,0
24788490147,21860,477,1116,21855,0
24788511903,21756,478,997,21751,0
24788533718,21814,479,987,21810,0
24788553839,0,479,202,20115,1
24788559436,25717,480,744,5588,0
24788594925,35489,481,1045,20798,0
24788616730,21805,482,1026,21800,0
24788636796,0,482,67,20061,1
24788658531,41800,483,1005,21732,0
24788680337,21805,484,1015,21799,0
24788702143,21806,485,1023,21800,0
24788722235,0,485,169,20087,1
24788728501,26358,486,863,6260,0
24788750293,21791,487,1020,21784,0
24788772070,21777,488,971,21771,0
24788793852,21781,489,1022,21776,0
24788815618,21766,490,1012,21761,0
24788837377,21759,491,993,21754,0
24788859165,21788,492,1011,21783,0
24788879263,0,492,197,20093,1
24788884841,25676,493,755,5572,0
24788921291,36449,494,994,21765,0
24788943061,21769,495,978,21765,0
24788963156,0,495,159,20090,1
24788969561,26500,496,1356,6400,0
24789001579,32017,497,988,18161,0
24789025268,23689,498,1003,21754,0
24789045356,0,498,172,20083,1
24789055153,29884,499,822,9791,0
24789075244,0,499,181,20085,1
24789080841,25687,500,755,5592,0
24789115587,0,500,156,20083,1
24789117122,36281,501,759,1529,0
24789157691,40568,502,993,21774,0
24789177785,0,502,167,20089,1
24789183447,25755,503,801,5657,0
24789218107,0,503,181,20097,1
24789223807,40359,504,806,5694,0
24789260163,36356,505,1097,21788,0
24789280267,0,505,178,20100,1
24789285882,25719,506,764,5609,0
24789322100,36217,507,925,21568,0
24789342190,0,507,176,20085,1
24789347807,25706,508,789,5612,0
24789382541,0,508,167,20084,1
24789388197,40390,509,797,5652,0
24789424609,36411,510,1071,21789,0
24789446361,21752,511,988,21746,0
24789468100,21739,512,1011,21734,0
24789489963,21863,513,1173,21858,0
24789508124,18161,514,1019,18156,0
24789531739,23614,515,960,21711,0
24789549887,18148,516,994,18143,0
24789570626,20738,517,948,18807,0
24789593648,23021,518,999,21752,0
24789615419,21771,519,1008,21766,0
24789636991,21571,520,908,21566,0
24789655124,18133,521,996,18129,0
24789675200,20075,522,952,18175,0
24789698858,23658,523,1020,21759,0
24789717046,18187,524,1015,18181,0
24789738536,21490,525,971,19600,0
24789757157,18621,526,983,18123,0
24789781167,24009,527,1139,22044,0
24789802917,21749,528,1023,21744,0
24789823099,20182,529,1040,20176,0
24789841312,18213,530,992,18208,0
24789864994,23682,531,1033,21813,0
24789886708,21713,532,1000,21699,0
24789904841,18132,533,967,18128,0
24789929329,24487,534,1478,22542,0
24789950947,21618,535,994,21613,0
24789972560,21612,536,950,21608,0
24789994201,21641,537,1002,21636,0
24790014302,0,537,204,20096,1
24790020190,25989,538,996,5883,0
24790052689,32498,539,973,18131,0
24790074719,0,539,153,20087,1
24790076272,23583,540,768,1548,0
24790116663,40390,541,996,21625,0
24790138287,21624,542,961,21620,0
24790159892,21605,543,953,21600,0
24790181542,21649,544,990,21644,0
24790199656,18114,545,974,18109,0
24790223361,23705,546,1010,21742,0
24790244994,21632,547,1037,21628,0
24790266578,21583,548,973,21579,0
24790289141,22563,549,1344,22558,0
24790307324,18182,550,991,18177,0
24790330906,23582,551,1030,21686,0
24790352555,21649,552,991,21644,0
24790374349,21793,553,1060,21788,0
24790396400,22051,554,1242,22046,0
24790418403,22003,555,1258,21998,0
24790440141,21737,556,1072,21733,0
24790461809,21668,557,998,21663,0
24790479920,18111,558,992,18107,0
24790503643,23722,559,1044,21755,0
24790525294,21650,560,997,21646,0
24790546924,21630,561,970,21625,0
24790565044,18119,562,980,18115,0
24790586020,20975,563,962,18991,0
24790605226,19206,564,978,18123,0
24790623383,18156,565,999,18150,0
24790643401,20018,566,951,18092,0
24790663540,20138,567,1002,18158,0
24790683608,20068,568,988,18153,0
24790703772,20164,569,998,18243,0
24790723706,19934,570,975,18082,0
24790743875,20168,571,988,18175,0
24790763877,20002,572,965,18087,0
24790784039,20161,573,992,18175,0
24790804011,19971,574,969,18074,0
24790824138,20127,575,972,18125,0
24790844228,20089,576,998,18141,0
24790864464,20235,577,958,18301,0
24790884352,19888,578,973,18117,0
24790904389,20036,579,949,18077,0
24790924495,20105,580,969,18111,0
24790944526,20031,581,965,18069,0
24790964731,20205,582,1093,18202,0
24790988379,23647,583,1034,21769,0
24791010431,22051,584,1259,22047,0
24791032203,21771,585,1092,21765,0
24791053853,21650,586,978,21645,0
24791075504,21651,587,1006,21646,0
24791095222,19717,588,1011,19713,0
24791113674,18452,589,949,18090,0
24791134696,21021,590,977,19041,0
24791153779,19082,591,951,18050,0
24791174692,20913,592,968,18889,0
24791193960,19267,593,966,18084,0
24791215052,21092,594,981,19100,0
24791234129,19076,595,971,18102,0
24791255827,21697,596,980,19724,0
24791274252,18425,597,952,18076,0
24791295075,20823,598,963,18827,0
24791318105,23029,599,1007,21783,0
24791339875,21770,600,1023,21765,0
24791361571,21696,601,1012,21691,0
24791379687,18115,602,1007,18111,0
24791403285,23597,603,990,21633,0
24791424902,21616,604,985,21611,0
24791446531,21629,605,974,21625,0
24791468174,21642,606,1002,21638,0
24791489941,21767,607,1181,21762,0
24791510828,20887,608,1041,20882,0
24791530908,0,608,200,20073,1
24791536691,25862,609,892,5776,0
24791571335,34644,610,953,20160,0
24791592944,21609,611,955,21604,0
24791614602,21657,612,964,21653,0
24791632863,18261,613,1022,18256,0
24791656472,23609,614,1138,21789,0
24791678394,21922,615,1219,21917,0
24791700065,21671,616,988,21667,0
24791721669,21603,617,956,21599,0
24791743435,21765,618,1008,21761,0
24791761624,18188,619,1022,18184,0
24791785283,23658,620,1024,21770,0
24791807093,21810,621,993,21805,0
24791827186,0,621,171,20085,1
24791832799,25705,622,791,5608,0
24791865649,32849,623,1030,18183,0
24791887799,0,623,125,20098,1
24791901616,35967,624,833,13809,0
24791929810,28194,625,1229,21871,0
24791947936,18125,626,997,18120,0
24791969973,0,626,167,20082,1
24791975554,27617,627,745,5576,0
24792010310,0,627,155,20080,1
24792015922,40368,628,737,5607,0
24792050635,0,628,145,20066,1
24792056221,40298,629,755,5581,0
24792092520,36298,630,955,21627,0
24792114093,21573,631,897,21568,0
24792135813,21720,632,1002,21716,0
24792155928,0,632,214,20109,1
24792161545,25732,633,762,5611,0
24792196025,34479,634,980,19829,0
24792218131,22106,635,1065,21862,0
24792239894,21763,636,1022,21758,0
24792259988,0,636,176,20089,1
24792265661,25766,637,753,5668,0
24792300346,0,637,172,20090,1
24792305952,40290,638,759,5600,0
24792342358,36406,639,1005,21755,0
24792364128,21769,640,975,21765,0
24792384235,0,640,177,20101,1
24792390046,25918,641,876,5806,0
24792424589,0,641,188,20086,1
24792430221,40175,642,755,5626,0
24792464937,0,642,173,20087,1
24792470522,40300,643,735,5580,0
24792505277,0,643,175,20086,1
24792510860,40337,644,758,5578,0
24792545620,0,644,173,20088,1
24792551218,40358,645,761,5593,0
24792585965,0,645,170,20088,1
24792591527,40308,646,762,5557,0
24792626329,0,646,216,20105,1
24792632015,40488,647,808,5679,0
24792666705,0,647,176,20088,1
24792672311,40295,648,768,5600,0
24792707038,0,648,164,20067,1
24792712614,40302,649,734,5570,0
24792747412,0,649,192,20088,1
24792753096,40482,650,801,5678,0
24792787810,0,650,224,20100,1
24792793591,40495,651,854,5728,0
24792828232,0,651,165,20089,1
24792833861,40269,652,786,5624,0
24792870262,36400,653,998,21776,0
24792890374,0,653,180,20107,1
24792895992,25730,654,768,5611,0
24792916045,0,654,214,20048,1
24792921635,25643,655,770,5587,0
24792958069,36434,656,1041,21763,0
24792979821,21751,657,1010,21747,0
24792999913,0,657,178,20087,1
24793005532,25710,658,767,5614,0
24793040325,0,658,156,20085,1
24793045893,40361,659,733,5563,0
24793080682,0,659,165,20086,1
24793086276,40382,660,748,5589,0
24793121038,0,660,157,20090,1
24793126644,40367,661,748,5601,0
24793161402,0,661,162,20086,1
24793167044,40400,662,755,5637,0
24793201754,0,662,168,20087,1
24793207765,40721,663,759,6007,0
24793242113,0,663,179,20087,1
24793248436,40670,664,863,6317,0
24793280507,32071,665,981,18125,0
24793304214,23707,666,1006,21760,0
24793325962,21748,667,1027,21742,0
24793346037,0,667,181,20069,1
24793351667,25704,668,795,5625,0
24793386383,0,668,164,20085,1
24793391981,40313,669,746,5592,0
24793426746,0,669,166,20097,1
24793432390,40409,670,770,5637,0
24793467122,0,670,204,20092,1
24793472764,40373,671,768,5636,0
24793507509,0,671,202,20100,1
24793513208,40443,672,799,5690,0
24793549657,36449,673,1050,21827,0
24793571472,21814,674,1103,21809,0
24793593082,21610,675,920,21605,0
24793613181,0,675,221,20094,1
24793618987,25905,676,893,5800,0
24793655242,36254,677,1010,21798,0
24793673445,18203,678,969,18198,0
24793695170,21725,679,967,19848,0
24793717170,21999,680,1032,21774,0
24793738945,21774,681,1024,21769,0
24793760016,21071,682,1013,21066,0
24793781644,21628,683,982,21624,0
24793803336,21691,684,1043,21687,0
24793824943,21606,685,967,21601,0
24793846573,21630,686,1001,21626,0
24793864703,18129,687,986,18124,0
24793889197,24494,688,1397,22542,0
24793910836,21638,689,1000,21630,0
24793929204,18367,690,1252,18362,0
24793952482,23278,691,890,21566,0
24793974126,21644,692,961,21640,0
24793995747,21620,693,960,21616,0
24794017369,21622,694,966,21617,0
24794038998,21628,695,968,21624,0
24794058539,19541,696,1008,19529,0
24794079182,0,696,201,20089,1
24794084998,26459,697,922,5810,0
24794120109,35110,698,1003,20641,0
24794141931,21822,699,1128,21816,0
24794163713,21781,700,1065,21777,0
24794185479,21766,701,1060,21760,0
24794203598,18118,702,955,18114,0
24794227281,23683,703,997,21723,0
24794245388,18106,704,994,18102,0
24794265550,20161,705,956,18168,0
24794285590,20040,706,997,18134,0
24794305738,20147,707,954,18187,0
24794325704,19966,708,963,18077,0
24794345848,20144,709,941,18141,0
24794365882,20033,710,979,18101,0
24794385961,20078,711,979,18098,0
24794406056,20095,712,1016,20089,0
24794427826,21770,713,1032,21764,0
24794450047,22220,714,1473,22215,0
24794471791,21744,715,968,21740,0
24794493549,21757,716,983,21751,0
24794511633,18084,717,954,18079,0
24794535390,23756,718,1007,21762,0
24794557040,21650,719,993,21645,0
24794575170,18129,720,1012,18125,0
24794598730,23560,721,934,21611,0
24794618540,19809,722,1029,19805,0
24794636851,18311,723,948,18044,0
24794655051,18200,724,967,16168,0
24794677021,21970,725,975,18061,0
24794697936,20914,726,1002,18908,0
24794720906,22970,727,1036,21788,0
24794742693,21787,728,1015,21782,0
24794764324,21630,729,941,21625,0
24794785978,21653,730,989,21649,0
24794804049,18071,731,971,18066,0
24794824194,20145,732,993,18164,0
24794844166,19972,733,970,18055,0
24794864300,20133,734,974,18116,0
24794884334,20034,735,953,18078,0
24794904447,20113,736,957,18115,0
24794924492,20045,737,960,18084,0
24794942802,18310,738,1021,18304,0
24794962703,19900,739,991,18127,0
24794982815,20112,740,996,18164,0
24795002785,19970,741,977,18058,0
24795023808,21022,742,965,19007,0
24795043263,19455,743,970,18390,0
24795066678,23415,744,1024,21725,0
24795087113,20435,745,1166,20431,0
24795106795,19681,746,1060,19676,0
24795125318,18522,747,982,18124,0
24795145420,20102,748,975,18132,0
24795165463,20042,749,965,18101,0
24795185638,20175,750,984,18192,0
24795205633,19995,751,985,18112,0
24795225792,20158,752,990,18182,0
24795249924,24131,753,1489,22232,0
24795268928,19004,754,1013,18999,0
24795290100,0,754,153,20088,1
24795295843,26915,755,899,5737,0
24795332031,36188,756,1085,21674,0
24795353699,21668,757,959,21663,0
24795375403,21703,758,1046,21699,0
24795397073,21669,759,988,21665,0
24795418686,21613,760,973,21608,0
24795440333,21647,761,986,21642,0
24795461946,21612,762,970,21608,0
24795483566,21620,763,968,21615,0
24795505185,21619,764,972,21614,0
24795526848,21662,765,1000,21657,0
24795544965,18117,766,991,18112,0
24795569413,24447,767,1503,22485,0
24795587538,18125,768,991,18120,0
24795609577,0,768,160,20085,1
24795615197,27658,769,803,5615,0
24795651421,36223,770,979,21588,0
24795669529,18108,771,973,18103,0
24795690548,21019,772,979,19046,0
24795713360,22812,773,1046,21784,0
24795735117,21756,774,1019,21752,0
24795756889,21771,775,1003,21766,0
24795778644,21755,776,1005,21751,0
24795800270,21625,777,982,21620,0
24795821870,21600,778,950,21596,0
24795843596,21725,779,996,21720,0
24795863665,0,779,195,20066,1
24795869294,25697,780,787,5621,0
24795904025,0,780,209,20098,1
24795909691,40397,781,823,5660,0
24795944423,0,781,197,20107,1
24795950099,40407,782,816,5669,0
24795986572,36472,783,1023,21878,0
24796006636,0,783,171,20061,1
24796012324,25752,784,910,5682,0
24796049467,37142,785,1544,22562,0
24796071045,21578,786,925,21573,0
24796092659,21614,787,932,21609,0
24796112751,0,787,175,20086,1
24796118358,25699,788,754,5603,0
24796153103,0,788,160,20087,1
24796158702,40343,789,754,5595,0
24796194986,36283,790,940,21605,0
24796215842,20856,791,974,20852,0
24796235933,0,791,182,20085,1
24796241553,25710,792,787,5615,0
24796277756,36203,793,879,21563,0
24796299368,21612,794,941,21607,0
24796320975,21606,795,893,21602,0
24796341038,0,795,178,20058,1
24796346660,25684,796,789,5617,0
24796381380,0,796,170,20084,1
24796387010,40350,797,790,5625,0
24796421728,0,797,185,20090,1
24796427370,40360,798,794,5637,0
24796462042,0,798,174,20054,1
24796467666,40295,799,788,5619,0
24796502394,0,799,174,20093,1
24796507982,40316,800,768,5583,0
24796542750,0,800,170,20100,1
24796548486,40504,801,820,5728,0
24796584976,36489,802,1083,21863,0
24796605050,0,802,179,20069,1
24796610807,25831,803,953,5751,0
24796630898,0,803,168,20086,1
24796636714,25906,804,873,5810,0
24796672921,36206,805,975,21745,0
24796693019,0,805,174,20093,1
24796698610,25689,806,754,5586,0
24796735060,36450,807,989,21785,0
24796756833,21772,808,1019,21767,0
24796776941,0,808,199,20103,1
24796782760,25926,809,877,5814,0
24796817297,0,809,170,20087,1
24796822880,40120,810,746,5577,0
24796859322,36442,811,989,21766,0
24796881177,21854,812,1047,21849,0
24796901269,0,812,169,20086,1
24796906894,25717,813,751,5621,0
24796943261,36366,814,996,21730,0
24796965016,21754,815,1011,21750,0
24796986657,21640,816,976,21636,0
24797009293,22636,817,1445,22631,0
24797031073,21779,818,1000,21771,0
24797051178,0,818,170,20099,1
24797056773,25700,819,757,5590,0
24797091527,0,819,171,20089,1
24797097148,40374,820,747,5615,0
24797131872,0,820,163,20086,1
24797137471,40323,821,754,5594,0
24797173959,36487,822,1026,21832,0
24797194050,0,822,237,20086,1
24797199700,25740,823,823,5642,0
24797234412,0,823,197,20096,1
24797240346,40645,824,1019,5919,0
24797272854,32508,825,1013,18164,0
24797294854,0,825,171,20076,1
24797300484,27630,826,791,5625,0
24797335209,0,826,176,20081,1
24797340819,40334,827,777,5604,0
24797377137,36318,828,979,21653,0
24797398902,21765,829,1002,21760,0
24797418589,19687,830,990,19681,0
24797440632,22042,831,988,21650,0
24797462241,21608,832,938,21603,0
24797483840,21598,833,945,21594,0
24797505457,21617,834,972,21612,0
24797527164,21707,835,962,21702,0
24797548936,21772,836,1037,21766,0
24797567027,18090,837,983,18085,0
24797587166,20138,838,978,18141,0
24797611810,24643,839,1004,22710,0
24797633430,21620,840,976,21616,0
24797655102,21671,841,1034,21667,0
24797676763,21661,842,1010,21656,0
24797695139,18376,843,993,18371,0
24797718489,23349,844,999,21647,0
24797740127,21638,845,995,21633,0
24797761745,21617,846,971,21613,0
24797779888,18142,847,1020,18138,0
24797803608,23720,848,1056,21783,0
24797823115,19507,849,1004,19502,0
24797845381,22266,850,1021,21693,0
24797867086,21704,851,1026,21699,0
24797889674,22587,852,1735,22583,0
24797911313,21639,853,1014,21635,0
24797932936,21622,854,968,21618,0
24797954579,21643,855,1033,21639,0
24797972711,18131,856,980,18127,0
24797992751,20039,857,966,18093,0
24798016400,23649,858,980,21669,0
24798038027,21626,859,976,21622,0
24798059662,21634,860,971,21630,0
24798081307,21645,861,1005,21641,0
24798102995,21687,862,1042,21682,0
24798124642,21647,863,997,21636,0
24798146290,21647,864,988,21642,0
24798164416,18126,865,982,18122,0
24798187973,23556,866,931,21604,0
24798209742,21769,867,1173,21765,0
24798231372,21629,868,995,21624,0
24798250588,19216,869,974,19212,0
24798273089,22501,870,968,21638,0
24798291181,18091,871,955,18086,0
24798311555,20374,872,988,18385,0
24798334984,23428,873,1034,21742,0
24798355266,20282,874,1117,20277,0
24798374828,19562,875,978,19556,0
24798397170,22342,876,1046,21819,0
24798415374,18204,877,1008,18199,0
24798439050,23675,878,1000,21802,0
24798458588,19537,879,993,19532,0
24798480916,22327,880,1043,21786,0
24798501948,21031,881,1029,21028,0
24798520058,18110,882,957,18106,0
24798543785,23727,883,1015,21758,0
24798561887,18101,884,997,18096,0
24798582814,20926,885,1009,18949,0
24798602010,19196,886,986,18070,0
24798623861,21850,887,1030,19845,0
24798645853,21991,888,1050,21763,0
24798667469,21616,889,930,21611,0
24798689727,22257,890,1597,22253,0
24798707904,18177,891,987,18171,0
24798731433,23529,892,986,21604,0
24798753083,21649,893,988,21645,0
24798774731,21648,894,977,21643,0
24798792812,18081,895,970,18075,0
24798814632,21819,896,1001,19819,0
24798836525,21893,897,976,21641,0
24798854842,18316,898,1008,18311,0
24798874693,19850,899,969,18084,0
24798898334,23641,900,984,21650,0
24798916576,18241,901,1080,18236,0
24798936508,19932,902,977,18094,0
24798956624,20116,903,994,18137,0
24798976723,20098,904,951,18162,0
24798996763,20040,905,986,18121,0
24799019036,22272,906,973,20320,0
24799040754,21717,907,1031,21713,0
24799059352,18598,908,978,18593,0
24799079034,19681,909,1003,18194,0
24799103282,24247,910,1026,21755,0
24799124905,21623,911,968,21618,0
24799146548,21642,912,986,21637,0
24799169107,22558,913,1328,22554,0
24799190883,21776,914,1008,21768,0
24799209199,18316,915,1202,18310,0
24799232694,23494,916,1022,21728,0
24799254341,21647,917,966,21642,0
24799275959,21618,918,968,21613,0
24799297629,21669,919,1001,21664,0
24799319250,21620,920,966,21616,0
24799338535,19284,921,1013,19280,0
24799357430,18894,922,969,18101,0
24799378590,21160,923,1020,19185,0
24799397573,18983,924,945,18094,0
24799418541,20967,925,960,18988,0
24799441398,22857,926,999,21772,0
24799463167,21769,927,1030,21764,0
24799484846,21678,928,1018,21672,0
24799506493,21647,929,1011,21642,0
24799529176,22683,930,1439,22678,0
24799547330,18153,931,981,18145,0
24799567707,20376,932,964,18448,0
24799591061,23354,933,987,21724,0
24799612669,21607,934,953,21603,0
24799634331,21662,935,983,21656,0
24799656166,21834,936,1056,21830,0
24799676236,0,936,169,20064,1
24799682213,26047,937,1017,5973,0
24799718388,36175,938,1166,21870,0
24799740150,21762,939,1050,21757,0
24799761783,21632,940,1004,21628,0
24799783564,21780,941,1022,21776,0
24799805138,21574,942,918,21569,0
24799826762,21623,943,976,21619,0
24799844886,18124,944,994,18119,0
24799868603,23716,945,1021,21759,0
24799890456,21853,946,1119,21848,0
24799910546,0,946,178,20085,1
24799916187,25730,947,790,5636,0
24799952400,36213,948,910,21578,0
24799974010,21609,949,936,21605,0
24799995762,21752,950,1001,21747,0
24800015852,0,950,170,20084,1
24800021461,25698,951,759,5602,0
24800057688,36227,952,920,21579,0
24800079268,21580,953,918,21575,0
24800099358,0,953,166,20084,1
24800104946,25677,954,755,5583,0
24800141206,36260,955,934,21594,0
24800162966,21759,956,1014,21755,0
24800183036,20070,957,1001,20065,0
24800203140,0,957,195,20099,1
24800209530,26494,958,1397,6383,0
24800245039,35508,959,930,21636,0
24800265134,0,959,176,20090,1
24800270754,25715,960,766,5614,0
24800306675,35921,961,1004,21253,0
24800329686,23010,962,1777,23005,0
24800349780,0,962,173,20087,1
24800355381,25695,963,752,5596,0
24800391658,36276,964,907,21615,0
24800411746,0,964,169,20083,1
24800417329,25671,965,748,5579,0
24800452092,0,965,163,20087,1
24800457685,40355,966,748,5587,0
24800492454,0,966,164,20100,1
24800498104,40418,967,760,5642,0
24800532838,0,967,177,20102,1
24800538516,40412,968,762,5671,0
24800573224,0,968,182,20100,1
24800578902,40386,969,802,5670,0
24800615264,36362,970,992,21779,0
24800636997,21733,971,1012,21727,0
24800658773,21775,972,1013,21761,0
24800680547,21773,973,993,21769,0
24800700637,0,973,173,20085,1
24800706249,25702,974,753,5607,0
24800740983,0,974,196,20087,1
24800746567,40318,975,740,5580,0
24800781335,0,975,174,20091,1
24800786910,40343,976,752,5571,0
24800807025,0,976,180,20109,1
24800812681,25770,977,881,5648,0
24800847387,0,977,209,20104,1
24800853155,40473,978,874,5756,0
24800887778,0,978,186,20125,1
24800893454,40299,979,816,5666,0
24800928219,0,979,189,20145,1
24800933803,40349,980,724,5574,0
24800970038,0,980,124,21546,1
24800975706,41902,981,798,5663,0
24801010385,0,981,158,20085,1
24801016062,40355,982,834,5671,0
24801052333,36270,983,933,21687,0
24801074092,21759,984,1009,21754,0
24801095876,21784,985,998,21779,0
24801115969,0,985,196,20088,1
24801121547,25670,986,784,5572,0
24801157799,36251,987,894,21570,0
24801177894,0,987,174,20090,1
24801183530,25730,988,799,5630,0
24801218235,0,988,163,20085,1
24801223863,40333,989,793,5622,0
24801258588,0,989,170,20091,1
24801264242,40379,990,787,5648,0
24801298947,0,990,188,20082,1
24801304578,40336,991,760,5625,0
24801339316,0,991,200,20093,1
24801345026,40447,992,829,5704,0
24801379684,0,992,185,20087,1
24801385370,40344,993,810,5681,0
24801419246,33876,994,1026,19282,0
24801441768,22521,995,1005,21740,0
24801463617,21848,996,1055,21844,0
24801483711,0,996,173,20089,1
24801489672,26055,997,1144,5957,0
24801525539,35867,998,933,21549,0
24801547319,21779,999,1020,21775,0
24801565481,18161,1000,1000,18157,0
24801585572,0,1000,170,20086,1
24801591187,25706,1001,778,5610,0
24801627795,36607,1002,1146,21960,0
24801649912,22116,1003,1392,22110,0
24801671685,21773,1004,1003,21767,0
24801693449,21763,1005,988,21759,0
24801711572,18123,1006,957,18118,0
24801735341,23769,1007,1054,21811,0
24801753497,18155,1008,971,18151,0
24801777162,23665,1009,1001,21738,0
24801798787,21624,1010,983,21619,0
24801818462,19674,1011,987,19669,0
24801840536,22074,1012,1039,21670,0
24801862187,21651,1013,997,21646,0
24801880471,18284,1014,1143,18279,0
24801903900,23429,1015,983,21632,0
24801922061,18160,1016,1005,18156,0
24801945588,23526,1017,1008,21605,0
24801963708,18120,1018,980,18115,0
24801983826,20117,1019,988,18159,0
24802008068,24242,1020,1025,22326,0
24802027048,18980,1021,990,18971,0
24802046307,19258,1022,1000,18156,0
24802069990,23682,1023,991,21760,0
24802089212,19221,1024,1430,19216,0
24802108967,19755,1025,1040,18933,0
24802128775,19807,1026,1306,18663,0
24802148472,19696,1027,1078,18277,0
24802168803,20331,1028,1069,18525,0
24802188504,19700,1029,997,18147,0
24802209072,20568,1030,1544,18641,0
24802228589,19517,1031,956,18082,0
24802249167,20577,1032,1432,18583,0
24802272418,23251,1033,1023,21758,0
24802294224,21806,1034,1047,21800,0
24802312380,18156,1035,988,18151,0
24802336059,23679,1036,1014,21752,0
24802354249,18189,1037,1003,18184,0
24802374313,0,1037,68,20058,1
24802396035,41785,1038,1051,21718,0
24802415969,19934,1039,1013,19929,0
24802437741,21772,1040,968,21630,0
24802455856,18115,1041,991,18110,0
24802475936,20080,1042,987,18115,0
24802496024,20087,1043,976,18127,0
24802519607,23582,1044,1013,21635,0
24802538516,18909,1045,969,18905,0
24802557813,19296,1046,978,18128,0
24802578485,20671,1047,971,18723,0
24802597927,19442,1048,956,18091,0
24802620966,23038,1049,1006,21054,0
24802639114,18147,1050,998,18142,0
24802662802,23688,1051,1014,21754,0
24802680918,18116,1052,994,18112,0
24802702159,21240,1053,1060,19277,0
24802721137,18978,1054,1057,18179,0
24802744175,23038,1055,1079,21132,0
24802765010,20834,1056,1046,20830,0
24802783780,18770,1057,1066,18764,0
24802803265,19485,1058,1013,18173,0
24802823336,20070,1059,1021,18161,0
24802843336,20000,1060,954,18087,0
24802867069,23733,1061,1053,21739,0
24802885265,18195,1062,1027,18149,0
24802908196,22931,1063,1165,20996,0
24802929888,21691,1064,1904,21686,0
24802948051,18162,1065,1012,18158,0
24802968606,20554,1066,1245,18638,0
24802988156,19549,1067,989,18125,0
24803008245,20089,1068,994,18140,0
24803031930,23684,1069,1013,21749,0
24803051475,19545,1070,938,19540,0
24803070140,18665,1071,985,18119,0
24803093754,23613,1072,968,21660,0
24803115398,21643,1073,982,21639,0
24803134633,19235,1074,1013,19231,0
24803157110,22477,1075,968,21636,0
24803178741,21630,1076,965,21625,0
24803200385,21644,1077,981,21638,0
24803222017,21632,1078,974,21628,0
24803243660,21642,1079,973,21638,0
24803265310,21650,1080,989,21645,0
24803286957,21646,1081,971,21642,0
24803308737,21779,1082,1064,21773,0
24803330519,21782,1083,1112,21777,0
24803352158,21639,1084,1000,21635,0
24803370312,18153,1085,988,18149,0
24803390442,20129,1086,1007,18201,0
24803410456,20014,1087,974,18140,0
24803434153,23696,1088,1060,21761,0
24803455784,21631,1089,989,21626,0
24803477424,21639,1090,983,21634,0
24803499053,21628,1091,986,21624,0
24803520726,21673,1092,1020,21669,0
24803542383,21656,1093,1020,21652,0
24803564031,21648,1094,991,21644,0
24803585652,21620,1095,971,21616,0
24803607567,21914,1096,992,21910,0
24803627679,0,1096,203,20104,1
24803633327,25759,1097,764,5641,0
24803669572,36245,1098,963,21623,0
24803691312,21740,1099,1046,21735,0
24803711434,0,1099,210,20116,1
24803717136,25823,1100,841,5694,0
24803749800,32663,1101,948,18100,0
24803771379,21579,1102,1018,19607,0
24803793582,22202,1103,1003,21734,0
24803815353,21770,1104,1017,21765,0
24803837108,21755,1105,1011,21751,0
24803858684,21575,1106,902,21570,0
24803880279,21594,1107,925,21589,0
24803901874,21595,1108,931,21590,0
24803923510,21635,1109,960,21630,0
24803945096,21586,1110,942,21581,0
24803966692,21595,1111,907,21591,0
24803988522,21830,1112,1028,21825,0
24804008646,0,1112,205,20117,1
24804014400,25877,1113,880,5746,0
24804050513,36112,1114,961,21596,0
24804072092,21579,1115,913,21575,0
24804092183,0,1115,164,20085,1
24804097766,25673,1116,743,5579,0
24804132535,0,1116,211,20093,1
24804138117,40350,1117,749,5576,0
24804172881,0,1117,176,20091,1
24804178506,40389,1118,774,5619,0
24804213249,0,1118,158,20086,1
24804218843,40336,1119,753,5589,0
24804255420,36576,1120,1103,21896,0
24804275511,0,1120,165,20085,1
24804281126,25706,1121,753,5610,0
24804317370,36244,1122,887,21591,0
24804337461,0,1122,176,20085,1
24804343057,25687,1123,766,5591,0
24804377825,0,1123,188,20102,1
24804383475,40417,1124,795,5642,0
24804418191,0,1124,191,20087,1
24804423788,40313,1125,758,5591,0
24804458546,0,1125,149,20066,1
24804472500,48712,1126,901,13948,0
24804498774,0,1126,161,20088,1
24804504459,31958,1127,814,5680,0
24804539128,0,1127,157,20072,1
24804544778,40318,1128,773,5644,0
24804581201,36422,1129,993,21806,0
24804601294,0,1129,182,20089,1
24804606983,25781,1130,781,5684,0
24804643334,36351,1131,1027,21809,0
24804663429,0,1131,209,20090,1
24804669060,25725,1132,808,5624,0
24804703773,0,1132,196,20086,1
24804709347,40286,1133,734,5569,0
24804744103,0,1133,234,20087,1
24804749678,40331,1134,742,5569,0
24804784424,0,1134,185,20064,1
24804790034,40356,1135,781,5605,0
24804824781,0,1135,212,20098,1
24804830411,40376,1136,786,5623,0
24804865146,0,1136,189,20087,1
24804870736,40325,1137,762,5584,0
24804905493,0,1137,203,20087,1
24804911122,40386,1138,767,5587,0
24804945931,0,1138,188,20097,1
24804951567,40444,1139,758,5629,0
24804971652,0,1139,154,20079,1
24804977258,25690,1140,764,5600,0
24805011999,0,1140,194,20087,1
24805017678,40420,1141,842,5668,0
24805052374,0,1141,163,20101,1
24805058063,40384,1142,808,5681,0
24805092758,0,1142,178,20100,1
24805098447,40384,1143,806,5682,0
24805134829,36382,1144,1004,21793,0
24805156648,21818,1145,1049,21813,0
24805178268,21619,1146,985,21614,0
24805200240,21972,1147,1048,21967,0
24805220336,0,1147,138,20090,1
24805230073,29832,1148,821,9731,0
24805262152,32079,1149,940,21607,0
24805283717,21564,1150,897,21560,0
24805305284,21567,1151,928,21563,0
24805326857,21572,1152,925,21568,0
24805348484,21626,1153,915,21621,0
24805371649,23164,1154,932,23160,0
24805393228,21579,1155,913,21575,0
24805414842,21613,1156,953,21609,0
24805436445,21603,1157,961,21598,0
24805458049,21603,1158,951,21598,0
24805479662,21613,1159,961,21608,0
24805501293,21630,1160,986,21626,0
24805522895,21602,1161,960,21598,0
24805544509,21613,1162,961,21609,0
24805566128,21619,1163,978,21614,0
24805587807,21678,1164,995,21674,0
24805605983,18176,1165,1032,18170,0
24805629655,23671,1166,1008,21749,0
24805651437,21782,1167,1069,21777,0
24805673207,21769,1168,1005,21764,0
24805691338,18130,1169,972,18125,0
24805711396,20058,1170,974,18110,0
24805734994,23598,1171,985,21635,0
24805753148,18154,1172,982,18149,0
24805775100,21951,1173,1058,20075,0
24805796759,21659,1174,1000,21654,0
24805818457,21697,1175,1028,21693,0
24805836654,18196,1176,1015,18193,0
24805860405,23751,1177,1056,21870,0
24805882197,21791,1178,1051,21787,0
24805903884,21687,1179,1044,21682,0
24805922024,18139,1180,997,18135,0
24805942679,20654,1181,1002,18716,0
24805962158,19479,1182,1006,18129,0
24805985817,23659,1183,1015,21713,0
24806007861,22044,1184,1006,22040,0
24806026021,18159,1185,1024,18153,0
24806049585,23563,1186,1060,21644,0
24806071221,21635,1187,982,21631,0
24806091314,0,1187,160,20089,1
24806097095,25874,1188,859,5775,0
24806133388,36293,1189,1035,21758,0
24806155017,21628,1190,1323,21624,0
24806175139,0,1190,220,20117,1
24806180999,25981,1191,935,5853,0
24806215865,34866,1192,997,20456,0
24806237520,21654,1193,988,21649,0
24806259154,21633,1194,976,21629,0
24806280822,21668,1195,976,21663,0
24806298939,18117,1196,994,18112,0
24806322527,23588,1197,1009,21627,0
24806340656,18129,1198,989,18124,0
24806360726,20069,1199,962,18120,0
24806380864,20137,1200,988,18182,0
24806404452,23588,1201,1022,21694,0
24806423034,18582,1202,1002,18577,0
24806442680,19645,1203,1001,18148,0
24806466478,23797,1204,1094,21871,0
24806484594,18116,1205,978,18111,0
24806508283,23688,1206,1049,21725,0
24806526426,18143,1207,1004,18137,0
24806550060,23634,1208,1016,21694,0
24806571793,21733,1209,1062,21728,0
24806589937,18143,1210,1013,18137,0
24806613611,23674,1211,1037,21738,0
24806631775,18164,1212,1030,18160,0
24806651979,20203,1213,1146,18278,0
24806672012,20033,1214,1028,18175,0
24806695649,23637,1215,1052,21739,0
24806713806,18156,1216,991,18151,0
24806734725,20919,1217,957,18989,0
24806753940,19215,1218,999,18130,0
24806774743,20802,1219,973,18857,0
24806794030,19287,1220,982,18068,0
24806814646,20615,1221,975,18618,0
24806834195,19548,1222,969,18089,0
24806852381,18186,1223,1038,18172,0
24806877312,24930,1224,5871,23012,0
24806895477,18164,1225,1026,18160,0
24806915571,20094,1226,1000,18179,0
24806939065,23494,1227,922,21596,0
24806957198,18132,1228,1021,18127,0
24806978491,21293,1229,977,19347,0
24807001030,22538,1230,1036,21813,0
24807019172,18141,1231,1001,18137,0
24807040062,20890,1232,1000,18953,0
24807063129,23067,1233,1205,21936,0
24807081292,18162,1234,1008,18158,0
24807104053,22760,1235,1015,20845,0
24807125672,21619,1236,976,21614,0
24807147317,21644,1237,987,21640,0
24807169587,22270,1238,1595,22265,0
24807191221,21634,1239,982,21629,0
24807210507,19286,1240,941,19281,0
24807232926,22419,1241,968,21628,0
24807254570,21643,1242,964,21639,0
24807276203,21633,1243,970,21628,0
24807297840,21636,1244,981,21631,0
24807319488,21648,1245,993,21643,0
24807341123,21635,1246,975,21631,0
24807359310,18187,1247,1018,18182,0
24807379301,19990,1248,966,18097,0
24807402991,23690,1249,1024,21712,0
24807424566,21575,1250,992,21570,0
24807446192,21626,1251,968,21621,0
24807465053,18860,1252,975,18855,0
24807484379,19326,1253,953,18108,0
24807504786,20406,1254,953,18438,0
24807528925,24138,1255,1262,22503,0
24807550564,21639,1256,1017,21632,0
24807572187,21623,1257,945,21618,0
24807594159,21971,1258,1144,21967,0
24807614242,0,1258,166,20077,1
24807620125,25965,1259,960,5877,0
24807656516,36391,1260,1095,22015,0
24807674986,18469,1261,1236,18465,0
24807698068,23082,1262,1006,21471,0
24807718133,0,1262,53,20060,1
24807739900,41831,1263,1004,21765,0
24807760010,0,1263,199,20105,1
24807765618,25718,1264,760,5602,0
24807798471,32853,1265,983,18200,0
24807820431,0,1265,209,20086,1
24807826080,27609,1266,823,5644,0
24807848211,22130,1267,925,22125,0
24807869779,21567,1268,925,21559,0
24807891466,21686,1269,965,21682,0
24807913053,21587,1270,916,21582,0
24807934667,21613,1271,927,21609,0
24807956262,21595,1272,930,21590,0
24807977898,21635,1273,944,21596,0
24807999485,21587,1274,905,21583,0
24808019576,0,1274,169,20085,1
24808025175,25689,1275,759,5594,0
24808061432,36257,1276,958,21599,0
24808083206,21774,1277,1014,21770,0
24808103278,0,1277,175,20067,1
24808108894,25687,1278,774,5611,0
24808145353,36458,1279,1132,21817,0
24808167231,21878,1280,1032,21873,0
24808188976,21745,1281,1008,21738,0
24808209047,0,1281,175,20066,1
24808214715,25738,1282,766,5663,0
24808251141,36426,1283,1125,21840,0
24808272899,21758,1284,1014,21753,0
24808294728,21828,1285,1038,21822,0
24808314821,0,1285,163,20087,1
24808320441,25713,1286,777,5616,0
24808356648,36206,1287,902,21565,0
24808378406,21758,1288,994,21753,0
24808400159,21753,1289,982,21748,0
24808420250,0,1289,185,20084,1
24808425850,25690,1290,751,5595,0
24808460563,0,1290,164,20088,1
24808466161,40311,1291,755,5593,0
24808502614,36453,1292,1022,21791,0
24808522705,0,1292,196,20086,1
24808529246,26631,1293,1237,6535,0
24808563038,0,1293,170,20067,1
24808569435,40188,1294,1354,6391,0
24808603388,0,1294,173,20085,1
24808609594,40159,1295,1375,6201,0
24808643736,0,1295,152,20085,1
24808649675,40080,1296,1131,5934,0
24808684089,0,1296,173,20085,1
24808689843,40168,1297,947,5749,0
24808724773,0,1297,196,20090,1
24808730516,40672,1298,942,5737,0
24808765151,0,1298,180,20091,1
24808770830,40313,1299,911,5673,0
24808805533,0,1299,199,20109,1
24808811307,40477,1300,901,5765,0
24808845907,0,1300,178,20086,1
24808851620,40313,1301,923,5709,0
24808871713,0,1301,176,20087,1
24808877336,25715,1302,762,5618,0
24808912038,0,1302,164,20055,1
24808917725,40388,1303,807,5682,0
24808952402,0,1303,154,20087,1
24808958148,40422,1304,820,5740,0
24808992773,0,1304,164,20084,1
24808998373,40225,1305,742,5595,0
24809033140,0,1305,171,20095,1
24809038830,40456,1306,821,5683,0
24809073534,0,1306,204,20110,1
24809079278,40448,1307,855,5734,0
24809113945,0,1307,178,20087,1
24809119561,40283,1308,795,5611,0
24809154316,0,1308,158,20089,1
24809160055,40493,1309,870,5734,0
24809194683,0,1309,178,20086,1
24809200287,40232,1310,752,5600,0
24809235035,0,1310,160,20059,1
24809240655,40367,1311,759,5616,0
24809275422,0,1311,155,20084,1
24809281054,40398,1312,752,5627,0
24809315812,0,1312,179,20097,1
24809321567,40513,1313,907,5749,0
24809357923,36355,1314,1036,21796,0
24809379284,21360,1315,1016,21355,0
24809400966,21682,1316,1010,21677,0
24809422707,21740,1317,1022,21736,0
24809444543,21835,1318,1034,21830,0
24809466300,21757,1319,1049,21752,0
24809486394,0,1319,214,20088,1
24809488980,22679,1320,1164,2581,0
24809526967,0,1320,175,20213,1
24809532607,43627,1321,858,5635,0
24809569511,36903,1322,1625,22278,0
24809591132,21620,1323,966,21614,0
24809609462,18330,1324,1152,18325,0
24809632960,23498,1325,998,21749,0
24809654734,21773,1326,1020,21768,0
24809672865,18130,1327,989,18125,0
24809694643,21778,1328,1001,19827,0
24809716639,21996,1329,997,21747,0
24809735047,18407,1330,996,18402,0
24809758502,23455,1331,1018,21782,0
24809776665,18163,1332,1011,18158,0
24809800221,23555,1333,955,21639,0
24809821844,21623,1334,1021,21618,0
24809841935,0,1334,163,20087,1
24809848083,26239,1335,845,6142,0
24809884116,36032,1336,1075,21885,0
24809905870,21753,1337,1019,21748,0
24809923958,18087,1338,965,18082,0
24809944023,20065,1339,997,20060,0
24809965781,21757,1340,1024,21752,0
24809987572,21790,1341,1036,21748,0
24810009931,22359,1342,1635,22355,0
24810028067,18136,1343,1017,18131,0
24810048872,20804,1344,1370,18856,0
24810071927,23054,1345,1066,21836,0
24810093759,21832,1346,1015,21826,0
24810115664,21904,1347,1168,21899,0
24810137419,21755,1348,1010,21748,0
24810159119,21700,1349,1047,21695,0
24810178764,19644,1350,996,19639,0
24810197360,18596,1351,979,18164,0
24810218509,21148,1352,993,19236,0
24810237439,18930,1353,967,18093,0
24810258486,21046,1354,972,19063,0
24810281216,22730,1355,1029,21721,0
24810302895,21678,1356,1001,21673,0
24810324578,21682,1357,1008,21678,0
24810346209,21631,1358,980,21626,0
24810364350,18141,1359,1008,18137,0
24810384425,20074,1360,977,18135,0
24810409176,24751,1361,1354,22811,0
24810427409,18233,1362,1025,18226,0
24810447658,20248,1363,984,18398,0
24810471107,23449,1364,1004,21768,0
24810490490,19382,1365,961,19378,0
24810512844,22354,1366,967,21657,0
24810534505,21661,1367,994,21656,0
24810556139,21633,1368,982,21628,0
24810577772,21633,1369,991,21628,0
24810595947,18175,1370,1000,18171,0
24810616068,20120,1371,1038,18216,0
24810636024,19955,1372,976,18088,0
24810656350,20325,1373,982,18332,0
24810676574,20224,1374,982,18482,0
24810699953,23379,1375,1046,21786,0
24810718142,18188,1376,1012,18183,0
24810738615,20473,1377,986,18589,0
24810758286,19670,1378,976,18186,0
24810778691,20405,1379,1011,18517,0
24810798342,19650,1380,971,18094,0
24810818419,20077,1381,964,18100,0
24810838495,20075,1382,971,18101,0
24810862271,23776,1383,1040,21797,0
24810880348,18076,1384,946,18071,0
24810900470,20122,1385,977,18117,0
24810922148,21678,1386,1111,19721,0
24810944214,22065,1387,1263,21704,0
24810962080,17865,1388,1032,17860,0
24810982796,20715,1389,970,18495,0
24811002479,19682,1390,966,18104,0
24811024287,21808,1391,1068,21802,0
24811042435,18148,1392,971,18143,0
24811066116,23680,1393,1020,21750,0
24811088407,22291,1394,1016,22286,0
24811110038,21631,1395,980,21623,0
24811128577,18538,1396,1180,18533,0
24811151752,23175,1397,1008,21631,0
24811170532,18780,1398,950,18775,0
24811193484,22952,1399,974,21653,0
24811211602,18117,1400,964,18113,0
24811235335,23733,1401,979,21772,0
24811254694,19359,1402,1001,19354,0
24811277045,22350,1403,965,21633,0
24811298705,21659,1404,997,21655,0
24811320545,21840,1405,1071,21835,0
24811341066,20520,1406,1180,20515,0
24811362698,21632,1407,975,21627,0
24811384348,21650,1408,998,21646,0
24811405954,21605,1409,956,21600,0
24811427581,21627,1410,974,21622,0
24811445696,18114,1411,973,18109,0
24811469410,23714,1412,993,21738,0
24811488043,18632,1413,1054,18627,0
24811511263,23220,1414,1014,21764,0
24811530291,19028,1415,980,19023,0
24811553169,22877,1416,1041,21827,0
24811575028,21858,1417,1031,21853,0
24811596802,21773,1418,1010,21768,0
24811618575,21773,1419,1092,21767,0
24811640350,21775,1420,1024,21770,0
24811662116,21765,1421,1018,21760,0
24811683886,21770,1422,1020,21765,0
24811705689,21803,1423,1055,21798,0
24811727574,21884,1424,1044,21880,0
24811747667,0,1424,187,20085,1
24811753281,25706,1425,759,5609,0
24811789536,36255,1426,945,21607,0
24811811252,21716,1427,1000,21711,0
24811833017,21764,1428,997,21759,0
24811853108,0,1428,163,20086,1
24811858737,25720,1429,768,5624,0
24811893462,0,1429,169,20089,1
24811899100,40362,1430,783,5632,0
24811933844,0,1430,173,20102,1
24811939455,40354,1431,739,5604,0
24811974200,0,1431,174,20091,1
24811979850,40395,1432,780,5645,0
24812014522,0,1432,175,20092,1
24812019927,40076,1433,834,1644,0
24812058684,0,1433,200,20072,1
24812064372,44444,1434,822,5683,0
24812100571,36199,1435,966,21607,0
24812122387,21816,1436,1055,21812,0
24812144138,21750,1437,1032,21746,0
24812165731,21593,1438,919,21587,0
24812187344,21613,1439,937,21608,0
24812209828,22483,1440,1722,22479,0
24812229898,0,1440,177,20065,1
24812235510,25681,1441,769,5606,0
24812270250,0,1441,154,20084,1
24812275829,40318,1442,758,5574,0
24812312247,36418,1443,1000,21755,0
24812331858,19611,1444,968,19606,0
24812354097,22238,1445,990,21757,0
24812375854,21757,1446,1045,21752,0
24812395945,0,1446,180,20086,1
24812401572,25717,1447,773,5622,0
24812437987,36415,1448,1007,21778,0
24812458596,0,1448,170,20603,1
24812464483,26495,1449,988,5881,0
24812498936,0,1449,192,20081,1
24812504551,40068,1450,776,5611,0
24812539286,0,1450,172,20088,1
24812544917,40366,1451,781,5626,0
24812579640,0,1451,211,20086,1
24812585301,40383,1452,782,5656,0
24812619996,0,1452,168,20089,1
24812625757,40455,1453,809,5749,0
24812660349,0,1453,180,20087,1
24812665937,40179,1454,766,5582,0
24812700762,0,1454,190,20125,1
24812706358,40421,1455,747,5590,0
24812741145,0,1455,168,20101,1
24812746834,40475,1456,808,5684,0
24812783200,36366,1457,975,21776,0
24812804929,21728,1458,1009,21723,0
24812826671,21742,1459,998,21736,0
24812846797,0,1459,217,20120,1
24812852359,25688,1460,706,5556,0
24812889801,37442,1461,1813,22741,0
24812911542,21740,1462,1008,21735,0
24812933319,21776,1463,993,21771,0
24812955078,21759,1464,996,21754,0
24812976692,21613,1465,941,21608,0
24812996780,0,1465,161,20084,1
24813002365,25673,1466,741,5580,0
24813037123,0,1466,169,20085,1
24813042706,40341,1467,737,5578,0
24813077495,0,1467,157,20086,1
24813083087,40380,1468,754,5586,0
24813117858,0,1468,179,20089,1
24813123479,40391,1469,769,5615,0
24813159944,36465,1470,1035,21787,0
24813180039,0,1470,174,20089,1
24813185663,25718,1471,766,5619,0
24813220406,0,1471,237,20074,1
24813226069,40405,1472,829,5657,0
24813260770,0,1472,156,20089,1
24813266356,40287,1473,745,5581,0
24813301145,0,1473,170,20094,1
24813306772,40416,1474,758,5622,0
24813341511,0,1474,176,20087,1
24813347193,40420,1475,798,5676,0
24813383536,36342,1476,1019,21744,0
24813403644,0,1476,182,20102,1
24813409647,26110,1477,1182,5996,0
24813442034,32387,1478,975,18107,0
24813465752,23717,1479,1011,21748,0
24813485829,0,1479,225,20071,1
24813491499,25747,1480,902,5665,0
24813528268,36768,1481,998,22179,0
24813549881,21612,1482,974,21603,0
24813568516,18635,1483,1156,18630,0
24813591731,23214,1484,993,21769,0
24813613530,21798,1485,971,21793,0
24813635293,21762,1486,1025,21758,0
24813655395,0,1486,177,20097,1
24813661036,25743,1487,761,5634,0
24813695609,34572,1488,1002,19951,0
24813713863,18253,1489,983,18130,0
24813735914,0,1489,163,20092,1
24813741526,27663,1490,778,5607,0
24813777954,36427,1491,1082,21772,0
24813799735,21780,1492,1046,21776,0
24813821514,21779,1493,1026,21774,0
24813839732,18217,1494,969,18213,0
24813863379,23646,1495,1007,21784,0
24813885158,21779,1496,1029,21774,0
24813906919,21760,1497,1013,21756,0
24813929521,22601,1498,1676,22596,0
24813951180,21659,1499,1003,21654,0
24813972776,21596,1500,958,21591,0
24813990898,18122,1501,1018,18117,0
24814014590,23691,1502,1049,21736,0
24814036208,21618,1503,966,21614,0
24814057862,21653,1504,987,21649,0
24814079511,21649,1505,990,21644,0
24814101162,21650,1506,969,21645,0
24814122783,21620,1507,981,21616,0
24814144361,21578,1508,919,21573,0
24814165972,21610,1509,958,21606,0
24814187573,21600,1510,984,21596,0
24814208439,20866,1511,1162,20861,0
24814230624,22185,1512,1447,22178,0
24814249201,18577,1513,1457,18572,0
24814272458,23256,1514,1002,21756,0
24814294267,21809,1515,1052,21804,0
24814315940,21672,1516,1027,21668,0
24814337569,21629,1517,964,21624,0
24814359199,21630,1518,977,21625,0
24814378610,19410,1519,1018,19406,0
24814400937,22327,1520,996,21661,0
24814421099,20162,1521,1029,20157,0
24814443017,21917,1522,1164,21912,0
24814463067,20050,1523,1014,20045,0
24814484759,21692,1524,1052,21687,0
24814506374,21614,1525,957,21610,0
24814528786,22411,1526,1206,22406,0
24814548879,0,1526,174,20086,1
24814554465,25679,1527,745,5581,0
24814590769,36303,1528,978,21629,0
24814611307,20538,1529,985,20533,0
24814629445,18138,1530,987,18133,0
24814649531,20085,1531,1038,18145,0
24814673206,23674,1532,1042,21746,0
24814694990,21784,1533,968,21779,0
24814713192,18201,1534,1002,18197,0
24814734727,21535,1535,1044,19699,0
24814753279,18551,1536,992,18176,0
24814774723,21444,1537,1045,19545,0
24814793389,18666,1538,957,18135,0
24814814601,21211,1539,962,19270,0
24814833621,19020,1540,972,18216,0
24814855808,22186,1541,963,20328,0
24814873988,18180,1542,1059,18175,0
24814894834,20846,1543,968,18946,0
24814916070,21235,1544,974,20105,0
24814935071,19000,1545,1038,18993,0
24814954277,19206,1546,998,18124,0
24814974780,20503,1547,1062,18551,0
24814994439,19658,1548,972,18135,0
24815014620,20180,1549,961,18242,0
24815034709,20089,1550,1010,18240,0
24815058364,23654,1551,1083,21812,0
24815078508,0,1551,181,20100,1
24815084326,25962,1552,925,5813,0
24815116904,32577,1553,993,18138,0
24815139667,22762,1554,1017,20826,0
24815157798,18131,1555,963,18126,0
24815178499,20700,1556,945,18755,0
24815197907,19408,1557,970,18088,0
24815218462,20554,1558,1013,18564,0
24815241710,23248,1559,1008,21739,0
24815259765,18055,1560,961,18049,0
24815283501,23736,1561,1014,21711,0
24815305269,21767,1562,1020,21762,0
24815326975,21705,1563,984,21700,0
24815348132,21156,1564,1163,21150,0
24815369989,21857,1565,1105,21852,0
24815388126,18137,1566,986,18132,0
24815411804,23677,1567,1010,21734,0
24815433585,21781,1568,995,21776,0
24815453676,0,1568,169,20085,1
24815459278,25693,1569,750,5597,0
24815495575,36297,1570,997,21639,0
24815517199,21624,1571,980,21619,0
24815538822,21622,1572,979,21617,0
24815560447,21624,1573,969,21620,0
24815578628,18181,1574,976,18176,0
24815598608,19979,1575,953,18083,0
24815622753,24145,1576,1162,22156,0
24815644549,21795,1577,1045,21790,0
24815666334,21785,1578,1047,21779,0
24815686426,0,1578,172,20087,1
24815692264,25929,1579,985,5833,0
24815729432,37168,1580,1648,22749,0
24815747578,18145,1581,990,18140,0
24815771251,23673,1582,997,21718,0
24815793032,21781,1583,991,21775,0
24815814796,21763,1584,1031,21758,0
24815836555,21759,1585,1004,21753,0
24815855024,18469,1586,1049,18463,0
24815876719,0,1586,182,20085,1
24815882349,27324,1587,794,5624,0
24815918520,36171,1588,908,21533,0
24815940126,21605,1589,930,21601,0
24815961742,21616,1590,956,21611,0
24815983310,21567,1591,919,21563,0
24816004878,21568,1592,913,21564,0
24816026454,21575,1593,919,21570,0
24816049189,22735,1594,1387,22730,0
24816070791,21601,1595,935,21594,0
24816092377,21585,1596,917,21580,0
24816113944,21567,1597,895,21562,0
24816135539,21595,1598,918,21590,0
24816157108,21568,1599,896,21564,0
24816178697,21589,1600,914,21584,0
24816200268,21570,1601,884,21565,0
24816220354,0,1601,196,20081,1
24816225982,25714,1602,783,5624,0
24816260697,0,1602,190,20093,1
24816266386,40403,1603,810,5682,0
24816301051,0,1603,175,20083,1
24816306657,40271,1604,753,5599,0
24816341437,0,1604,159,20092,1
24816347073,40416,1605,765,5631,0
24816381808,0,1605,177,20086,1
24816387443,40369,1606,759,5629,0
24816422179,0,1606,188,20088,1
24816427819,40376,1607,794,5635,0
24816462564,0,1607,203,20099,1
24816468343,40523,1608,919,5773,0
24816504603,36259,1609,1034,21747,0
24816524692,0,1609,174,20084,1
24816530363,25759,1610,905,5665,0
24816565038,0,1610,160,20085,1
24816570739,40376,1611,915,5695,0
24816605406,0,1611,160,20082,1
24816611164,40425,1612,952,5754,0
24816645786,0,1612,184,20088,1
24816651526,40362,1613,940,5734,0
24816686335,0,1613,165,20086,1
24816692056,40529,1614,917,5717,0
24816726705,0,1614,179,20079,1
24816732309,40253,1615,837,5600,0
24816769833,37523,1616,1230,22838,0
24816789923,0,1616,176,20086,1
24816795530,25697,1617,753,5602,0
24816830250,0,1617,169,20071,1
24816835894,40363,1618,773,5635,0
24816870612,0,1618,172,20087,1
24816876225,40331,1619,756,5609,0
24816911040,0,1619,194,20131,1
24816916967,40742,1620,973,5921,0
24816953048,36080,1621,1027,21735,0
24816974809,21760,1622,975,21755,0
24816994900,0,1622,176,20086,1
24817000492,25683,1623,738,5587,0
24817036929,36437,1624,1027,21767,0
24817058695,21766,1625,989,21762,0
24817078788,0,1625,170,20087,1
24817084450,25754,1626,766,5617,0
24817119176,0,1626,169,20086,1
24817124794,40344,1627,761,5614,0
24817159544,0,1627,180,20089,1
24817165143,40348,1628,771,5594,0
24817199921,0,1628,194,20088,1
24817205598,40454,1629,809,5672,0
24817242055,36456,1630,1058,21854,0
24817262147,0,1630,175,20086,1
24817267741,25686,1631,764,5590,0
24817304009,36267,1632,947,21606,0
24817325600,21591,1633,913,21577,0
24817347238,21637,1634,951,21632,0
24817369632,22394,1635,1648,22389,0
24817391201,21568,1636,909,21563,0
24817412825,21624,1637,959,21620,0
24817431044,18218,1638,1032,18213,0
24817452999,0,1638,187,20093,1
24817458659,27614,1639,864,5648,0
24817495243,36584,1640,1118,21960,0
24817513748,18504,1641,1161,18500,0
24817537060,23311,1642,1034,21730,0
24817558663,21603,1643,974,21598,0
24817578753,0,1643,176,20085,1
24817584344,25681,1644,751,5586,0
24817619202,34857,1645,972,20191,0
24817637326,18124,1646,989,18120,0
24817659370,0,1646,172,20090,1
24817665029,27702,1647,831,5653,0
24817701246,36217,1648,961,21617,0
24817722893,21646,1649,976,21642,0
24817742983,0,1649,214,20085,1
24817748597,25703,1650,762,5609,0
24817782774,34177,1651,1008,19534,0
24817801424,18650,1652,953,18109,0
24817825149,23725,1653,1027,21758,0
24817843343,18193,1654,999,18188,0
24817864931,21587,1655,984,19701,0
24817887234,22303,1656,1019,21931,0
24817909010,21775,1657,1039,21768,0
24817927253,18243,1658,962,18238,0
24817950840,23587,1659,977,21747,0
24817969486,18645,1660,1129,18640,0
24817992661,23175,1661,1007,21742,0
24818012756,0,1661,198,20088,1
24818014318,21656,1662,768,1556,0
24818053148,0,1662,133,20072,1
24818066919,52601,1663,781,13764,0
24818095074,28154,1664,1024,21778,0
24818113271,18196,1665,1002,18190,0
24818135246,0,1665,163,20090,1
24818141058,27787,1666,912,5806,0
24818177252,36194,1667,1021,21710,0
24818195420,18167,1668,1002,18163,0
24818219142,23721,1669,1021,21811,0
24818237290,18148,1670,974,18143,0
24818261016,23726,1671,1015,21795,0
24818282731,21714,1672,1000,21708,0
24818302064,19332,1673,1005,19328,0
24818320928,18864,1674,974,18118,0
24818341011,20083,1675,991,18127,0
24818364725,23713,1676,991,21767,0
24818386484,21758,1677,1021,21752,0
24818409187,22702,1678,1450,22696,0
24818427359,18171,1679,1016,18163,0
24818448038,20679,1680,952,18769,0
24818467446,19407,1681,964,18094,0
24818489520,0,1681,182,20094,1
24818495570,28123,1682,1040,6042,0
24818531450,35880,1683,1048,21654,0
24818553089,21639,1684,979,21634,0
24818571171,18081,1685,956,18077,0
24818594850,23679,1686,1025,21683,0
24818615050,20199,1687,981,20195,0
24818633180,18129,1688,979,18124,0
24818654855,21675,1689,971,19725,0
24818673340,18485,1690,993,18136,0
24818694816,21475,1691,986,19538,0
24818717144,22328,1692,1026,21793,0
24818735368,18223,1693,994,18217,0
24818759039,23671,1694,1036,21806,0
24818778561,19521,1695,1007,19516,0
24818797225,18663,1696,981,18107,0
24818818614,21388,1697,990,19422,0
24818837359,18745,1698,976,18093,0
24818861089,23729,1699,993,21743,0
24818882725,21636,1700,958,21630,0
24818900881,18155,1701,970,18150,0
24818921264,20383,1702,976,18458,0
24818941044,19780,1703,985,18158,0
24818961094,20050,1704,970,18128,0
24818981168,20073,1705,971,18142,0
24819001227,20058,1706,989,18122,0
24819023996,22769,1707,1005,20815,0
24819042185,18188,1708,993,18175,0
24819062692,20507,1709,956,18605,0
24819082249,19557,1710,979,18088,0
24819105866,23617,1711,986,21630,0
24819128041,22174,1712,1034,22169,0
24819149680,21639,1713,991,21632,0
24819171293,21612,1714,992,21608,0
24819192928,21634,1715,978,21630,0
24819214655,21727,1716,998,21722,0
24819236287,21631,1717,974,21627,0
24819257928,21641,1718,988,21636,0
24819279721,21792,1719,1045,21788,0
24819301475,21754,1720,1010,21748,0
24819321996,20520,1721,985,20515,0
24819343655,21659,1722,998,21646,0
24819363745,0,1722,163,20085,1
24819369726,26070,1723,1119,5976,0
24819405685,35959,1724,991,21679,0
24819427321,21635,1725,990,21631,0
24819449584,22263,1726,1605,22258,0
24819471178,21593,1727,925,21588,0
24819492820,21642,1728,979,21637,0
24819511257,18436,1729,968,18431,0
24819534661,23403,1730,1030,21761,0
24819552758,18097,1731,979,18092,0
24819574824,0,1731,144,20084,1
24819584553,31794,1732,792,9723,0
24819615534,30981,1733,970,20507,0
24819637280,21746,1734,1042,21741,0
24819657346,0,1734,58,20060,1
24819679021,41740,1735,1027,21672,0
24819700627,21605,1736,950,21601,0
24819722248,21621,1737,959,21616,0
24819743846,21597,1738,951,21593,0
24819765460,21614,1739,967,21609,0
24819787072,21612,1740,954,21607,0
24819809461,22388,1741,1547,22384,0
24819831068,21607,1742,950,21603,0
24819851148,0,1742,195,20075,1
24819857052,25983,1743,996,5898,0
24819890749,33697,1744,1012,19334,0
24819913266,22517,1745,984,21778,0
24819933361,0,1745,179,20089,1
24819938998,25732,1746,745,5632,0
24819973697,0,1746,195,20062,1
24819979437,40438,1747,879,5735,0
24820014039,0,1747,163,20088,1
24820019624,40186,1748,749,5580,0
24820054395,0,1748,163,20089,1
24820059983,40359,1749,766,5584,0
24820094712,0,1749,177,20076,1
24820100314,40330,1750,769,5597,0
24820135034,0,1750,186,20045,1
24820140693,40378,1751,772,5614,0
24820175455,0,1751,186,20094,1
24820181173,40480,1752,815,5711,0
24820215835,0,1752,183,20090,1
24820221604,40430,1753,918,5762,0
24820256173,0,1753,190,20092,1
24820261937,40333,1754,901,5758,0
24820298222,36285,1755,1010,21759,0
24820318319,0,1755,173,20092,1
24820324014,25791,1756,787,5690,0
24820356721,32707,1757,985,18136,0
24820379361,22639,1758,951,20686,0
24820401097,21735,1759,972,21730,0
24820422850,21752,1760,987,21747,0
24820442942,0,1760,181,20087,1
24820449433,26583,1761,1377,6485,0
24820484971,35538,1762,981,21767,0
24820505041,0,1762,177,20065,1
24820510976,26005,1763,984,5930,0
24820545362,0,1763,184,20088,1
24820550976,39999,1764,773,5607,0
24820585721,0,1764,190,20087,1
24820591375,40399,1765,792,5649,0
24820626036,0,1765,202,20043,1
24820631637,40261,1766,758,5595,0
24820666395,0,1766,202,20101,1
24820672017,40380,1767,787,5616,0
24820706746,0,1767,161,20092,1
24820712350,40333,1768,758,5599,0
24820747096,0,1768,156,20083,1
24820752706,40355,1769,760,5605,0
24820787459,0,1769,171,20097,1
24820793080,40374,1770,760,5614,0
24820827832,0,1770,148,20086,1
24820833465,40384,1771,784,5628,0
24820868199,0,1771,189,20091,1
24820873808,40343,1772,815,5603,0
24820910231,36423,1773,1028,21760,0
24820930317,0,1773,200,20080,1
24820935945,25714,1774,779,5623,0
24820971332,35386,1775,952,20758,0
24820993071,21738,1776,997,21734,0
24821013161,0,1776,145,20084,1
24821018770,25698,1777,782,5604,0
24821053505,0,1777,156,20085,1
24821059083,40312,1778,739,5573,0
24821093851,0,1778,172,20086,1
24821099436,40353,1779,750,5580,0
24821134204,0,1779,168,20093,1
24821139775,40338,1780,753,5567,0
24821174594,0,1780,164,20105,1
24821184304,44528,1781,788,9703,0
24821214900,0,1781,169,20096,1
24821220509,36204,1782,767,5605,0
24821256923,36414,1783,1007,21771,0
24821278556,21632,1784,945,21627,0
24821300352,21796,1785,1048,21791,0
24821322175,21823,1786,1064,21818,0
24821342270,0,1786,179,20090,1
24821347937,25762,1787,829,5662,0
24821382698,0,1787,249,20164,1
24821388315,40378,1788,789,5612,0
24821423025,0,1788,181,20067,1
24821428639,40323,1789,781,5609,0
24821464917,36277,1790,982,21633,0
24821486512,21594,1791,927,21589,0
24821508144,21632,1792,950,21627,0
24821526275,18130,1793,984,18126,0
24821546494,20218,1794,1007,18247,0
24821566587,20092,1795,966,18266,0
24821586803,20216,1796,960,18405,0
24821610284,23480,1797,1147,21812,0
24821631907,21623,1798,962,21618,0
24821653593,21685,1799,994,21681,0
24821675282,21688,1800,1045,21683,0
24821696923,21641,1801,978,21637,0
24821718564,21640,1802,991,21635,0
24821740595,22031,1803,1219,22027,0
24821762040,21444,1804,1153,21439,0
24821783820,21779,1805,1002,21774,0
24821805627,21807,1806,1038,21802,0
24821827458,21830,1807,1095,21825,0
24821849581,22123,1808,1491,22118,0
24821871194,21613,1809,994,21608,0
24821892825,21631,1810,961,21626,0
24821910948,18122,1811,989,18117,0
24821930989,20041,1812,960,18084,0
24821951079,20089,1813,971,18099,0
24821971182,20103,1814,967,18159,0
24821993072,21890,1815,995,19976,0
24822014950,21877,1816,1033,21779,0
24822036715,21765,1817,1013,21760,0
24822058481,21765,1818,1016,21761,0
24822080167,21686,1819,1029,21680,0
24822101796,21628,1820,987,21623,0
24822123419,21623,1821,970,21619,0
24822145050,21630,1822,998,21625,0
24822163216,18166,1823,1000,18128,0
24822183267,20051,1824,951,18104,0
24822203351,20083,1825,988,18114,0
24822227091,23739,1826,1016,21778,0
24822247204,0,1826,184,20107,1
24822252877,25785,1827,904,5664,0
24822289636,36758,1828,1471,22167,0
24822311257,21620,1829,981,21616,0
24822330528,19270,1830,970,19265,0
24822353022,22494,1831,1015,21685,0
24822374681,21658,1832,963,21654,0
24822396352,21671,1833,1017,21666,0
24822418074,21721,1834,1005,21717,0
24822438176,0,1834,133,20099,1
24822443980,25906,1835,846,5798,0
24822480081,36101,1836,986,21631,0
24822499126,19044,1837,972,19039,0
24822518352,19225,1838,1029,18191,0
24822541984,23632,1839,1029,21748,0
24822560145,18161,1840,991,18156,0
24822580559,20413,1841,981,18530,0
24822600271,19712,1842,964,18154,0
24822620294,20022,1843,974,18103,0
24822644040,23745,1844,1047,21775,0
24822663997,19957,1845,1014,19951,0
24822685780,21783,1846,992,21665,0
24822703875,18094,1847,987,18090,0
24822727908,24032,1848,939,22049,0
24822749554,21646,1849,1001,21639,0
24822768168,18613,1850,1031,18609,0
24822787747,19578,1851,1017,18111,0
24822811446,23699,1852,984,21736,0
24822830046,18600,1853,991,18594,0
24822850429,20382,1854,955,18903,0
24822869712,19283,1855,983,18105,0
24822889778,20065,1856,1008,18098,0
24822909885,20106,1857,1009,18127,0
24822933641,23755,1858,995,21808,0
24822955646,22005,1859,1157,22000,0
24822976209,20563,1860,1193,20558,0
24822995600,19390,1861,1225,19384,0
24823015154,19554,1862,1011,18862,0
24823035012,19858,1863,957,18645,0
24823058198,23185,1864,1032,21752,0
24823076335,18137,1865,961,18132,0
24823096414,20079,1866,960,18135,0
24823119978,23563,1867,964,21622,0
24823141595,21616,1868,994,21612,0
24823163221,21625,1869,959,21620,0
24823182950,19729,1870,976,19723,0
24823204936,21986,1871,980,21638,0
24823226570,21633,1872,976,21628,0
24823249211,22641,1873,1415,22636,0
24823267365,18153,1874,996,18145,0
24823289378,0,1874,151,20084,1
24823294971,27605,1875,760,5587,0
24823331225,36254,1876,950,21588,0
24823352943,21718,1877,1046,21714,0
24823371036,18092,1878,1006,18087,0
24823393116,0,1878,158,20089,1
24823398725,27688,1879,765,5603,0
24823431478,32752,1880,963,18104,0
24823451488,20010,1881,920,18041,0
24823475180,23692,1882,1006,21659,0
24823494785,19604,1883,1001,19600,0
24823516968,22182,1884,997,21708,0
24823538765,21797,1885,1066,21791,0
24823560423,21658,1886,975,21653,0
24823582090,21666,1887,1034,21662,0
24823603800,21709,1888,1052,21705,0
24823623884,0,1888,125,20079,1
24823633644,29844,1889,789,9757,0
24823666057,32413,1890,1086,21956,0
24823688436,22379,1891,928,22374,0
24823710022,21585,1892,932,21578,0
24823728604,18582,1893,1207,18577,0
24823749016,20412,1894,964,18914,0
24823771901,22884,1895,996,21725,0
24823789997,18095,1896,985,18090,0
24823813706,23709,1897,982,21728,0
24823833802,0,1897,196,20089,1
24823839456,25750,1898,832,5647,0
24823872137,32680,1899,971,18073,0
24823895924,23786,1900,1004,21786,0
24823917673,21748,1901,1016,21743,0
24823939418,21744,1902,1012,21739,0
24823961178,21759,1903,1018,21755,0
24823981280,0,1903,187,20097,1
24823986919,25741,1904,753,5632,0
24824023119,36199,1905,904,21571,0
24824044709,21589,1906,926,21585,0
24824066297,21588,1907,921,21584,0
24824086388,0,1907,180,20086,1
24824092078,25780,1908,917,5685,0
24824129552,37473,1909,1743,22902,0
24824149642,0,1909,163,20085,1
24824155239,25686,1910,761,5591,0
24824191760,36521,1911,1062,21848,0
24824213595,21835,1912,1045,21827,0
24824235363,21767,1913,1036,21763,0
24824255461,0,1913,203,20092,1
24824261159,25795,1914,786,5692,0
24824295798,0,1914,202,20069,1
24824305777,44617,1915,989,9971,0
24824336095,0,1915,166,20084,1
24824341681,35903,1916,743,5581,0
24824376447,0,1916,207,20096,1
24824382107,40426,1917,798,5655,0
24824416791,0,1917,197,20085,1
24824422475,40367,1918,795,5679,0
24824457140,0,1918,173,20092,1
24824462773,40297,1919,759,5627,0
24824497500,0,1919,181,20106,1
24824503213,40440,1920,818,5707,0
24824537877,0,1920,192,20106,1
24824543541,40327,1921,788,5657,0
24824578241,0,1921,169,20088,1
24824583926,40384,1922,811,5678,0
24824618612,0,1922,172,20088,1
24824624268,40342,1923,833,5651,0
24824658958,0,1923,207,20093,1
24824664642,40373,1924,858,5675,0
24824699321,0,1924,222,20084,1
24824705095,40452,1925,877,5767,0
24824741341,36245,1926,1016,21727,0
24824763102,21761,1927,1020,21757,0
24824784842,21739,1928,1008,21733,0
24824806661,21818,1929,1062,21813,0
24824828490,21829,1930,1059,21824,0
24824850398,21907,1931,1169,21903,0
24824872180,21782,1932,1041,21776,0
24824892277,0,1932,2764,20091,1
24824897965,25785,1933,845,5682,0
24824932633,0,1933,211,20094,1
24824942328,44363,1934,797,9690,0
24824962418,0,1934,144,20084,1
24824969016,26687,1935,1115,6593,0
24825004261,35245,1936,909,21581,0
24825024351,0,1936,175,20085,1
24825029928,25666,1937,745,5571,0
24825064694,0,1937,195,20088,1
24825070275,40347,1938,751,5576,0
24825105037,0,1938,190,20089,1
24825110676,40401,1939,806,5634,0
24825145379,0,1939,178,20087,1
24825150968,40291,1940,771,5583,0
24825185718,0,1940,174,20084,1
24825191400,40432,1941,814,5677,0
24825226039,0,1941,207,20040,1
24825231709,40308,1942,783,5628,0
24825266451,0,1942,188,20089,1
24825272073,40363,1943,760,5617,0
24825306829,0,1943,203,20082,1
24825312489,40416,1944,817,5656,0
24825348754,36264,1945,971,21665,0
24825370371,21616,1946,1004,21612,0
24825392142,21770,1947,1005,21766,0
24825412238,0,1947,173,20091,1
24825417886,25744,1948,787,5642,0
24825454183,36296,1949,983,21680,0
24825472324,18141,1950,1000,18137,0
24825496050,23726,1951,1042,21788,0
24825514239,18188,1952,1026,18182,0
24825537877,23638,1953,1004,21746,0
24825559664,21787,1954,1063,21782,0
24825579751,0,1954,187,20082,1
24825585376,25711,1955,796,5619,0
24825619191,33815,1956,992,19199,0
24825638766,19574,1957,994,18738,0
24825661923,23156,1958,984,21821,0
24825680114,18191,1959,1012,18186,0
24825703748,23634,1960,999,21745,0
24825725358,21610,1961,962,21605,0
24825746965,21606,1962,938,21602,0
24825767155,20189,1963,1020,20184,0
24825788902,21747,1964,1020,21740,0
24825810653,21750,1965,1018,21745,0
24825828752,18098,1966,965,18094,0
24825849707,20954,1967,982,18972,0
24825868944,19237,1968,990,18132,0
24825889380,20435,1969,988,18493,0
24825912698,23318,1970,979,21738,0
24825932027,19328,1971,965,19323,0
24825954504,22477,1972,1048,21728,0
24825976142,21638,1973,1006,21632,0
24825997769,21627,1974,996,21622,0
24826019443,21674,1975,1031,21669,0
24826038085,18641,1976,1006,18636,0
24826061673,23587,1977,1210,22152,0
24826083526,21852,1978,1149,21847,0
24826105317,21790,1979,1016,21785,0
24826123604,18287,1980,986,18282,0
24826143584,19980,1981,935,18189,0
24826163563,19978,1982,965,18093,0
24826187336,23773,1983,981,21793,0
24826209850,22514,1984,1794,22509,0
24826230035,20184,1985,1005,20179,0
24826250131,0,1985,178,20089,1
24826255763,25728,1986,806,5628,0
24826291969,36205,1987,908,21578,0
24826313569,21600,1988,967,21596,0
24826335235,21666,1989,1010,21661,0
24826356864,21628,1990,986,21624,0
24826378506,21642,1991,995,21637,0
24826396629,18122,1992,978,18118,0
24826416683,20053,1993,964,18099,0
24826440453,23770,1994,1039,21796,0
24826458674,18220,1995,963,18216,0
24826482266,23592,1996,1042,21731,0
24826500402,18135,1997,994,18129,0
24826524116,23714,1998,1006,21771,0
24826545862,21745,1999,1037,21741,0
24826563995,18132,2000,991,18128,0
24826587739,23744,2001,1024,21796,0
24826607862,0,2001,192,20118,1
24826613477,25738,2002,839,5607,0
24826649835,36357,2003,1083,21708,0
24826671721,21886,2004,1043,21882,0
24826693371,21649,2005,975,21644,0
24826715032,21661,2006,1001,21656,0
24826735090,20057,2007,1025,20052,0
24826756814,21724,2008,1024,21719,0
24826778522,21707,2009,1059,21701,0
24826797070,18547,2010,1011,18543,0
24826816857,19786,2011,1047,18257,0
24826837066,20209,2012,982,18391,0
24826858495,21428,2013,1002,19744,0
24826874927,16432,2014,961,16098,0
24826897937,23010,2015,1007,19034,0
24826917068,19130,2016,991,18091,0
24826938037,20968,2017,982,19009,0
24826957830,19793,2018,957,18728,0
24826980751,22920,2019,888,21568,0
24827002389,21637,2020,981,21633,0
24827020475,18086,2021,978,18082,0
24827040547,20071,2022,943,18078,0
24827060624,20077,2023,957,18078,0
24827082097,21473,2024,1037,19472,0
24827101088,18990,2025,968,18389,0
24827124512,23424,2026,1034,21737,0
24827142645,18133,2027,985,18129,0
24827166365,23719,2028,1015,21777,0
24827185193,18828,2029,973,18823,0
24827208957,23763,2030,1282,22512,0
24827230245,21288,2031,1137,21280,0
24827250328,20082,2032,1301,20040,0
24827270395,0,2032,76,20061,1
24827289704,39375,2033,1728,19305,0
24827312269,22565,2034,1032,21794,0
24827330637,18367,2035,983,18363,0
24827350475,19837,2036,993,18129,0
24827370527,20052,2037,950,18108,0
24827394290,23762,2038,1057,21794,0
24827416076,21786,2039,1044,21781,0
24827437848,21771,2040,1007,21766,0
24827456087,18239,2041,1040,18233,0
24827479551,23464,2042,971,21626,0
24827501166,21614,2043,960,21609,0
24827519347,18181,2044,1015,18176,0
24827543046,23698,2045,1060,21803,0
24827561266,18220,2046,1023,18216,0
24827584912,23646,2047,1067,21787,0
24827606743,21830,2048,1091,21825,0
24827628565,21822,2049,1035,21817,0
24827650443,21877,2050,1146,21872,0
24827672210,21767,2051,1022,21761,0
24827694015,21805,2052,1016,21800,0
24827715770,21754,2053,1002,21749,0
24827737541,21771,2054,1045,21766,0
24827759308,21767,2055,1008,21762,0
24827781071,21762,2056,1002,21758,0
24827801164,0,2056,173,20087,1
24827806798,25726,2057,804,5629,0
24827839515,32717,2058,966,18085,0
24827861601,0,2058,172,20097,1
24827867290,27775,2059,801,5683,0
24827903648,36357,2060,1017,21774,0
24827925436,21788,2061,1026,21783,0
24827947284,21848,2062,1020,21843,0
24827969889,22604,2063,1859,22599,0
24827989333,19444,2064,979,19439,0
24828011680,22346,2065,963,21711,0
24828031770,0,2065,165,20084,1
24828037341,25661,2066,742,5567,0
24828073619,36277,2067,904,21584,0
24828095429,21809,2068,1002,21805,0
24828117182,21753,2069,1002,21748,0
24828137277,0,2069,181,20090,1
24828142874,25692,2070,759,5592,0
24828177629,0,2070,184,20085,1
24828183224,40349,2071,762,5590,0
24828218143,0,2071,174,20257,1
24828223735,40510,2072,753,5587,0
24828260091,36356,2073,1007,21674,0
24828280181,0,2073,166,20084,1
24828285780,25689,2074,775,5595,0
24828320530,0,2074,177,20086,1
24828326174,40393,2075,767,5639,0
24828361025,34850,2076,986,20216,0
24828382775,21750,2077,1001,21744,0
24828402878,0,2077,189,20098,1
24828409559,26783,2078,1574,6673,0
24828444857,35298,2079,1019,21718,0
24828464955,0,2079,182,20084,1
24828470618,25760,2080,834,5657,0
24828505308,0,2080,178,20090,1
24828511085,40467,2081,874,5771,0
24828545671,0,2081,181,20108,1
24828551283,40198,2082,792,5607,0
24828586036,0,2082,183,20102,1
24828591609,40326,2083,738,5567,0
24828626395,0,2083,189,20089,1
24828632062,40452,2084,813,5661,0
24828666760,0,2084,205,20106,1
24828672460,40398,2085,812,5692,0
24828707109,0,2085,169,20085,1
24828712758,40297,2086,815,5644,0
24828749124,36366,2087,986,21752,0
24828769219,0,2087,203,20089,1
24828779169,30044,2088,974,9943,0
24828809519,0,2088,178,20100,1
24828815120,35950,2089,739,5595,0
24828849862,0,2089,174,20085,1
24828855601,40481,2090,841,5733,0
24828890240,0,2090,174,20078,1
24828895869,40268,2091,778,5624,0
24828932234,36364,2092,998,21731,0
24828952323,0,2092,156,20083,1
24828957918,25684,2093,757,5590,0
24828994317,36398,2094,998,21761,0
24829014407,0,2094,165,20084,1
24829020018,25701,2095,772,5606,0
24829054747,0,2095,173,20076,1
24829060337,40318,2096,749,5585,0
24829096797,36459,2097,981,21785,0
24829116889,0,2097,178,20087,1
24829122662,25865,2098,798,5769,0
24829157243,0,2098,171,20085,1
24829162876,40213,2099,829,5629,0
24829199257,36381,2100,987,21743,0
24829219350,0,2100,189,20087,1
24829224962,25704,2101,760,5606,0
24829259708,0,2101,202,20102,1
24829265331,40368,2102,762,5616,0
24829301690,36359,2103,1044,21724,0
24829323313,21622,2104,1029,21618,0
24829344912,21598,2105,957,21593,0
24829366513,21601,2106,936,21597,0
24829388112,21599,2107,929,21594,0
24829409908,21796,2108,1159,21791,0
24829431500,21592,2109,930,21587,0
24829453125,21625,2110,950,21620,0
24829474759,21633,2111,990,21628,0
24829494851,0,2111,187,20087,1
24829500452,25693,2112,759,5596,0
24829536727,36274,2113,934,21619,0
24829558339,21611,2114,963,21607,0
24829576465,18126,2115,989,18121,0
24829600209,23744,2116,1061,21789,0
24829622012,21802,2117,1054,21798,0
24829643755,21743,2118,961,21738,0
24829665379,21623,2119,1011,21618,0
24829687105,21726,2120,999,21722,0
24829708892,21786,2121,1060,21780,0
24829730632,21740,2122,1016,21735,0
24829752440,21808,2123,1028,21803,0
24829772546,0,2123,191,20100,1
24829778188,25747,2124,829,5635,0
24829814596,36408,2125,1009,21781,0
24829836268,21671,2126,1002,21666,0
24829856358,0,2126,179,20085,1
24829857901,21633,2127,777,1539,0
24829898317,40415,2128,981,21635,0
24829916492,18175,2129,1036,18170,0
24829936557,20065,2130,948,18161,0
24829960203,23645,2131,980,21731,0
24829980905,20701,2132,1000,20696,0
24830000984,0,2132,168,20074,1
24830010806,29900,2133,950,9815,0
24830039320,28514,2134,1020,18129,0
24830062988,23667,2135,1008,21725,0
24830084737,21749,2136,1007,21742,0
24830104828,0,2136,241,20086,1
24830110420,25682,2137,754,5587,0
24830146846,36426,2138,1135,21762,0
24830169389,22542,2139,1551,22539,0
24830191032,21643,2140,1017,21638,0
24830212642,21610,2141,969,21605,0
24830230769,18126,2142,990,18122,0
24830252129,21359,2143,985,19391,0
24830270883,18754,2144,953,18065,0
24830290396,19513,2145,997,19507,0
24830312734,22337,2146,1036,21771,0
24830334634,21899,2147,1114,21894,0
24830356597,21963,2148,1089,21958,0
24830375386,18788,2149,1078,18782,0
24830395020,19633,2150,1139,18338,0
24830416855,0,2150,159,20096,1
24830422902,27882,2151,1059,6043,0
24830458707,35804,2152,970,21621,0
24830480302,21594,2153,934,21590,0
24830501955,21653,2154,1003,21648,0
24830523631,21676,2155,942,21671,0
24830545251,21619,2156,980,21615,0
24830566895,21644,2157,990,21640,0
24830586945,20050,2158,979,20044,0
24830609412,22466,2159,1523,22462,0
24830631047,21634,2160,980,21629,0
24830650449,19402,2161,958,19397,0
24830672809,22359,2162,1013,21679,0
24830689798,16989,2163,985,16984,0
24830711176,21377,2164,977,18285,0
24830734756,23580,2165,1054,21792,0
24830753233,18476,2166,1163,18471,0
24830774980,21746,2167,1078,20148,0
24830793152,18171,2168,976,18167,0
24830816735,23583,2169,1005,21709,0
24830835010,18274,2170,978,18269,0
24830858449,23439,2171,973,21635,0
24830880088,21639,2172,971,21634,0
24830901725,21637,2173,983,21632,0
24830923352,21626,2174,972,21621,0
24830942694,19341,2175,992,19337,0
24830961609,18915,2176,1004,18177,0
24830983163,21553,2177,1082,19652,0
24831001868,18705,2178,1023,18281,0
24831025462,23593,2179,1034,21796,0
24831047272,21810,2180,991,21805,0
24831067108,19836,2181,999,19827,0
24831089352,22243,2182,1228,21998,0
24831107510,18157,2183,982,18153,0
24831131143,23633,2184,973,21710,0
24831151014,19871,2185,1021,19866,0
24831170385,19370,2186,908,19166,0
24831192910,22525,2187,970,21619,0
24831214571,21661,2188,982,21656,0
24831236212,21640,2189,987,21636,0
24831257894,21681,2190,1020,21676,0
24831276016,18121,2191,992,18117,0
24831296038,20022,2192,965,18065,0
24831319776,23738,2193,1020,21749,0
24831341368,21591,2194,910,21586,0
24831359701,18332,2195,958,18328,0
24831383288,23587,2196,1005,21840,0
24831401515,18227,2197,1034,18222,0
24831422181,20666,2198,998,18811,0
24831445216,23034,2199,1011,21772,0
24831466104,20888,2200,1031,20882,0
24831484230,18126,2201,985,18121,0
24831507937,23706,2202,1004,21755,0
24831526054,18116,2203,985,18111,0
24831549764,23710,2204,1029,21736,0
24831570237,20473,2205,1161,20467,0
24831588830,18592,2206,957,18587,0
24831610441,21610,2207,1003,20123,0
24831632261,21820,2208,1066,21815,0
24831654172,21910,2209,1093,21905,0
24831672305,18133,2210,985,18128,0
24831696078,23772,2211,1054,21826,0
24831717883,21804,2212,1075,21799,0
24831737954,0,2212,181,20067,1
24831743851,25968,2213,1012,5892,0
24831779894,36042,2214,997,21650,0
24831801496,21601,2215,936,21597,0
24831823103,21607,2216,935,21603,0
24831844706,21603,2217,941,21599,0
24831866346,21639,2218,969,21634,0
24831884465,18119,2219,984,18115,0
24831908219,23754,2220,1047,21792,0
24831930090,21871,2221,1203,21866,0
24831951732,21641,2222,966,21636,0
24831973394,21661,2223,937,21657,0
24831995020,21625,2224,940,21621,0
24832015110,0,2224,190,20084,1
24832020695,25674,2225,749,5581,0
24832055819,35124,2226,982,20448,0
24832077571,21751,2227,985,21746,0
24832097661,0,2227,187,20086,1
24832103255,25684,2228,759,5588,0
24832139663,36408,2229,1015,21746,0
24832159757,0,2229,154,20090,1
24832165506,25843,2230,893,5743,0
24832200121,0,2230,157,20089,1
24832205858,40352,2231,845,5730,0
24832240492,0,2231,172,20087,1
24832246113,40254,2232,791,5616,0
24832280838,0,2232,163,20080,1
24832282448,36334,2233,757,1566,0
24832322884,40435,2234,983,21652,0
24832342959,0,2234,191,20070,1
24832348508,25624,2235,761,5544,0
24832383299,0,2235,171,20080,1
24832388939,40430,2236,759,5635,0
24832423684,0,2236,176,20095,1
24832429333,40394,2237,786,5641,0
24832464044,0,2237,189,20095,1
24832469660,40326,2238,763,5610,0
24832506035,36375,2239,991,21733,0
24832526131,0,2239,178,20092,1
24832531793,25758,2240,878,5655,0
24832566484,0,2240,152,20086,1
24832572096,40302,2241,848,5607,0
24832609689,37592,2242,1840,22922,0
24832629798,0,2242,219,20104,1
24832635400,25710,2243,751,5594,0
24832670159,0,2243,160,20087,1
24832675752,40352,2244,736,5588,0
24832710542,0,2244,157,20084,1
24832716127,40374,2245,742,5579,0
24832752579,36452,2246,990,21746,0
24832772695,0,2246,192,20111,1
24832778340,25761,2247,770,5637,0
24832813151,0,2247,160,20188,1
24832818757,40416,2248,748,5600,0
24832853519,0,2248,172,20096,1
24832859286,40529,2249,870,5760,0
24832895524,36237,2250,1023,21748,0
24832917248,21724,2251,1000,21720,0
24832937347,0,2251,219,20093,1
24832942947,25698,2252,757,5592,0
24832977693,0,2252,158,20086,1
24832983280,40333,2253,755,5582,0
24833019122,35842,2254,982,21169,0
24833039222,0,2254,175,20094,1
24833044816,25694,2255,750,5588,0
24833081245,36428,2256,1005,21760,0
24833101347,0,2256,182,20096,1
24833106994,25749,2257,798,5640,0
24833141701,0,2257,245,20085,1
24833147293,40298,2258,737,5587,0
24833182051,0,2258,170,20082,1
24833187650,40357,2259,741,5593,0
24833222404,0,2259,165,20085,1
24833227985,40334,2260,753,5576,0
24833262783,0,2260,191,20101,1
24833268386,40401,2261,766,5597,0
24833303130,0,2261,207,20077,1
24833308706,40319,2262,753,5570,0
24833343483,0,2262,172,20094,1
24833349076,40369,2263,747,5587,0
24833385462,36385,2264,1032,21725,0
24833407239,21777,2265,950,21773,0
24833428904,21665,2266,982,21658,0
24833449010,0,2266,197,20101,1
24833454948,26043,2267,1008,5928,0
24833489818,34870,2268,1725,20538,0
24833511573,21754,2269,1026,21749,0
24833533319,21746,2270,975,21741,0
24833555080,21761,2271,999,21754,0
24833574755,19674,2272,996,19670,0
24833596927,22172,2273,1057,21767,0
24833618900,21972,2274,1195,21966,0
24833640698,21797,2275,1167,21792,0
24833662488,21790,2276,1030,21785,0
24833684205,21716,2277,980,21709,0
24833705853,21647,2278,1020,21643,0
24833727934,22080,2279,974,22077,0
24833746100,18165,2280,1003,18159,0
24833769810,23710,2281,1019,21794,0
24833789911,0,2281,182,20096,1
24833795600,25789,2282,833,5683,0
24833830153,34552,2283,1030,19981,0
24833852047,21893,2284,1005,21802,0
24833873860,21813,2285,1038,21808,0
24833893958,0,2285,192,20092,1
24833899549,25688,2286,765,5586,0
24833935851,36301,2287,969,21639,0
24833955924,0,2287,129,20067,1
24833965604,29753,2288,768,9675,0
24833997760,32156,2289,1009,21636,0
24834017851,0,2289,178,20085,1
24834023455,25694,2290,762,5600,0
24834058214,0,2290,173,20091,1
24834063852,40396,2291,772,5633,0
24834100189,36337,2292,962,21697,0
24834121819,21630,2293,960,21625,0
24834140869,19050,2294,1003,19045,0
24834161985,0,2294,155,20086,1
24834168081,27211,2295,763,6091,0
24834187082,19001,2296,988,18993,0
24834206267,19185,2297,959,18105,0
24834227413,21145,2298,966,19174,0
24834246419,19005,2299,975,18107,0
24834270134,23714,2300,1061,21745,0
24834289764,19630,2301,1756,19624,0
24834309054,19290,2302,971,18840,0
24834329229,20174,2303,1257,18942,0
24834352082,22853,2304,992,21724,0
24834372025,19942,2305,996,19937,0
24834390571,18546,2306,969,18409,0
24834413884,23312,2307,977,21647,0
24834434129,20245,2308,1047,20241,0
24834454867,20738,2309,992,20732,0
24834473909,19041,2310,1044,19036,0
24834496660,22751,2311,998,21714,0
24834514836,18175,2312,1011,18170,0
24834534989,20152,2313,979,18246,0
24834558582,23593,2314,1040,21766,0
24834580355,21773,2315,1034,21768,0
24834598522,18167,2316,994,18162,0
24834619189,20666,2317,988,18754,0
24834638655,19466,2318,980,18147,0
24834661394,22738,2319,1133,20799,0
24834683191,21796,2320,1053,21792,0
24834704253,21061,2321,1143,21054,0
24834725102,20849,2322,1245,20843,0
24834743033,17931,2323,978,17926,0
24834763520,20486,2324,964,18339,0
24834787072,23552,2325,1046,21818,0
24834805187,18114,2326,973,18109,0
24834827068,21880,2327,986,19907,0
24834845535,18467,2328,977,18300,0
24834865522,19986,2329,974,18191,0
24834889829,24307,2330,1681,22418,0
24834908050,18220,2331,1016,18177,0
24834928181,20131,2332,1038,18231,0
24834948314,20132,2333,1027,18283,0
24834969140,20826,2334,1440,19034,0
24834988635,19495,2335,980,18459,0
24835009171,20535,2336,1330,18920,0
24835032075,22904,2337,1015,21753,0
24835053831,21755,2338,1022,21750,0
24835071920,18089,2339,972,18084,0
24835092214,20293,2340,956,18301,0
24835112106,19892,2341,973,18120,0
24835132481,20374,2342,989,18453,0
24835155741,23260,2343,983,21639,0
24835177378,21637,2344,989,21632,0
24835199162,21783,2345,1031,21778,0
24835219092,19930,2346,1030,19924,0
24835237671,18578,2347,1042,18432,0
24835258816,21145,2348,956,19503,0
24835277736,18919,2349,959,18348,0
24835298931,21194,2350,979,19468,0
24835319378,20447,2351,982,19844,0
24835341394,22015,2352,1007,21780,0
24835359510,18116,2353,973,18111,0
24835383210,23700,2354,995,21738,0
24835404987,21776,2355,1036,21770,0
24835426669,21682,2356,965,21676,0
24835449219,22549,2357,1456,22544,0
24835469065,19846,2358,1028,19841,0
24835490937,21871,2359,972,21639,0
24835511086,20148,2360,1008,20143,0
24835532751,21665,2361,971,21659,0
24835554425,21673,2362,1038,21669,0
24835576113,21688,2363,1051,21683,0
24835596147,20033,2364,1018,20028,0
24835615163,19016,2365,1026,19012,0
24835634552,19389,2366,979,18314,0
24835658138,23585,2367,999,21823,0
24835679902,21763,2368,1008,21758,0
24835701020,21118,2369,992,21113,0
24835722832,21812,2370,1050,21806,0
24835744598,21766,2371,1039,21761,0
24835766327,21728,2372,1014,21724,0
24835786418,0,2372,215,20086,1
24835792036,25709,2373,782,5613,0
24835826773,0,2373,174,20090,1
24835832399,40362,2374,767,5621,0
24835868768,36368,2375,997,21747,0
24835891281,22513,2376,1044,22507,0
24835913059,21777,2377,1026,21772,0
24835933152,0,2377,178,20088,1
24835938799,25740,2378,829,5642,0
24835973518,0,2378,215,20095,1
24835979410,40610,2379,992,5886,0
24836013879,0,2379,162,20090,1
24836019485,40075,2380,780,5601,0
24836054223,0,2380,150,20085,1
24836059801,40316,2381,747,5573,0
24836094595,0,2381,170,20090,1
24836100216,40414,2382,757,5616,0
24836134973,0,2382,200,20095,1
24836140635,40419,2383,801,5656,0
24836175348,0,2383,161,20089,1
24836181059,40423,2384,808,5706,0
24836201150,0,2384,190,20085,1
24836206803,25743,2385,812,5647,0
24836241533,0,2385,173,20086,1
24836247559,40755,2386,821,6021,0
24836281918,0,2386,143,20092,1
24836288127,40568,2387,826,6203,0
24836322314,0,2387,181,20094,1
24836328868,40741,2388,1149,6548,0
24836364375,35506,2389,1042,21763,0
24836386155,21779,2390,1003,21774,0
24836406263,0,2390,222,20103,1
24836411863,25708,2391,822,5591,0
24836446607,0,2391,160,20086,1
24836452335,40472,2392,931,5722,0
24836486982,0,2392,182,20103,1
24836492651,40315,2393,868,5660,0
24836527352,0,2393,196,20097,1
24836537117,44465,2394,850,9758,0
24836569843,32726,2395,1603,22295,0
24836589944,0,2395,195,20095,1
24836595527,25683,2396,744,5577,0
24836630434,0,2396,559,20228,1
24836636073,40545,2397,771,5634,0
24836670864,0,2397,658,20141,1
24836676597,40524,2398,867,5727,0
24836711105,34508,2399,1005,19891,0
24836733154,22049,2400,1027,21865,0
24836753245,0,2400,170,20086,1
24836758844,25689,2401,758,5593,0
24836793615,0,2401,158,20095,1
24836799204,40360,2402,742,5583,0
24836833979,0,2402,164,20085,1
24836839569,40365,2403,739,5585,0
24836875124,0,2403,183,20084,1
24836880703,41133,2404,735,5575,0
24836915550,0,2404,205,20120,1
24836921252,40548,2405,845,5697,0
24836955912,0,2405,168,20094,1
24836961590,40338,2406,785,5673,0
24836996422,0,2406,202,20108,1
24837002185,40594,2407,870,5756,0
24837036797,0,2407,180,20095,1
24837042556,40370,2408,849,5752,0
24837077137,0,2408,678,20049,1
24837082775,40219,2409,774,5632,0
24837117517,0,2409,171,20092,1
24837123169,40394,2410,790,5643,0
24837159484,0,2410,416,20101,1
24837165132,41963,2411,787,5642,0
24837201479,36347,2412,963,21717,0
24837221571,0,2412,181,20087,1
24837227171,25691,2413,764,5595,0
24837262066,0,2413,216,20127,1
24837267678,40507,2414,749,5607,0
24837302510,0,2414,311,20111,1
24837308188,40510,2415,818,5672,0
24837342965,0,2415,437,20104,1
24837348656,40468,2416,827,5664,0
24837383497,0,2416,392,20129,1
24837389176,40519,2417,835,5673,0
24837425826,36650,2418,1352,21949,0
24837448056,22229,2419,1282,22224,0
24837469971,21915,2420,1320,21908,0
24837491795,21823,2421,1304,21819,0
24837511148,19353,2422,1212,19348,0
24837533089,21940,2423,1196,21218,0
24837554890,21800,2424,1271,21796,0
24837575089,20198,2425,1203,20194,0
24837596942,21853,2426,1250,21848,0
24837618724,21781,2427,1182,21776,0
24837638867,0,2427,387,20138,1
24837644551,25826,2428,844,5678,0
24837679878,35326,2429,1183,20585,0
24837701725,21847,2430,1095,21842,0
24837723563,21837,2431,1247,21832,0
24837744288,20724,2432,1183,20718,0
24837766049,21760,2433,994,21755,0
24837786117,0,2433,84,20063,1
24837808217,42168,2434,2091,22095,0
24837828302,0,2434,198,20081,1
24837834192,25974,2435,938,5884,0
24837870254,36061,2436,2190,21608,0
24837891028,20774,2437,1635,20769,0
24837911154,20126,2438,991,20121,0
24837932017,20862,2439,2012,20857,0
24837951079,19061,2440,947,19057,0
24837972193,0,2440,202,20098,1
24837978169,27090,2441,976,5970,0
24838014141,35971,2442,989,21676,0
24838035773,21631,2443,981,21627,0
24838055076,19303,2444,1006,19298,0
24838077628,22551,2445,986,21776,0
24838095778,18150,2446,1001,18145,0
24838116101,20322,2447,967,18390,0
24838137875,0,2447,156,20088,1
24838143491,27390,2448,783,5611,0
24838176244,32753,2449,977,18115,0
24838199951,23706,2450,1012,21748,0
24838218437,18485,2451,976,18481,0
24838238870,20433,2452,977,18847,0
24838261846,22976,2453,1026,21749,0
24838283570,21723,2454,1043,21716,0
